concessionaria;ano_do_pnv_snv;rodovia_uf;municipio;sentido;km_m_inicial;latitude_inicial;longitude_inicial;km_m_final;latitude_final;longitude_final
AUTOPISTA FERNÃO DIAS;2007;BR-381/MG;Betim;Crescente/Decrescente;481,901;-19,959007;-44,069325;506,4;-20,039118;-44,256533
AUTOPISTA FERNÃO DIAS;2007;BR-381/MG;Camanducaia;Crescente/Decrescente;908,901;-22,685864;-46,102572;924,7;-22,770253;-46,19575
AUTOPISTA FERNÃO DIAS;2007;BR-381/MG;Cambuí;Crescente/Decrescente;887,301;-22,519389;-46,022134;908,9;-22,685864;-46,102572
AUTOPISTA FERNÃO DIAS;2007;BR-381/MG;Campanha;Crescente/Decrescente;761,451;-21,704261;-45,369685;783,75;-21,836371;-45,507142
AUTOPISTA FERNÃO DIAS;2007;Contorno/MG;Betim;Crescente/Decrescente;0;-19,959249;-44,153744;7,4;-19,993329;-44,207884
AUTOPISTA FERNÃO DIAS;2007;BR-381/MG;Careaçu;Crescente/Decrescente;808,151;-21,98665;-45,652743;827,14;-22,108592;-45,741583
AUTOPISTA FERNÃO DIAS;2007;BR-381/MG;Carmo da Cachoeira;Crescente/Decrescente;710,371;-21,356189;-45,183921;736,45;-21,552263;-45,244597
AUTOPISTA FERNÃO DIAS;2007;BR-381/MG;Carmópolis de Minas;Crescente/Decrescente;577,301;-20,465132;-44,577584;602,1;-20,610337;-44,735001
AUTOPISTA FERNÃO DIAS;2007;BR-381/MG;Brumadinho;Crescente/Decrescente;520,901;-20,117748;-44,302702;529,8;-20,162374;-44,346589
AUTOPISTA FERNÃO DIAS;2007;BR-381/MG;Contagem;Crescente/Decrescente;477,2;-19,957645;-44,029699;478,2;-19,961249;-44,037403
AUTOPISTA FERNÃO DIAS;2007;BR-381/MG;Contagem;Crescente/Decrescente;478,201;-19,961249;-44,037403;481,9;-19,959007;-44,069325
AUTOPISTA FERNÃO DIAS;2007;BR-381/MG;Estiva;Crescente/Decrescente;872,131;-22,406545;-45,96088;887,3;-22,519389;-46,022134
AUTOPISTA FERNÃO DIAS;2007;BR-381/MG;Extrema;Crescente/Decrescente;931,301;-22,78769;-46,242426;949,9;-22,879699;-46,373263
AUTOPISTA FERNÃO DIAS;2007;BR-381/MG;Igarapé;Crescente/Decrescente;510,901;-20,060577;-44,291346;520,9;-20,117748;-44,302702
AUTOPISTA FERNÃO DIAS;2007;BR-381/MG;Itaguara;Crescente/Decrescente;550,101;-20,299968;-44,441244;577,3;-20,465132;-44,577584
AUTOPISTA FERNÃO DIAS;2007;BR-381/MG;Itapeva;Crescente/Decrescente;924,701;-22,770253;-46,19575;931,3;-22,78769;-46,242426
AUTOPISTA FERNÃO DIAS;2007;BR-381/MG;Itatiaiuçu;Crescente/Decrescente;549,001;-20,291459;-44,436505;550,1;-20,299968;-44,441244
AUTOPISTA FERNÃO DIAS;2007;BR-381/MG;Itatiaiuçu;Crescente/Decrescente;530,351;-20,16307;-44,351514;546;-20,269841;-44,424374
AUTOPISTA FERNÃO DIAS;2007;BR-381/MG;Lavras;Crescente/Decrescente;685,601;-21,168171;-45,126527;706,82;-21,329983;-45,170002
AUTOPISTA FERNÃO DIAS;2007;BR-381/MG;Nepomuceno;Crescente/Decrescente;706,821;-21,329983;-45,170002;710,37;-21,356189;-45,183921
AUTOPISTA FERNÃO DIAS;2007;BR-381/MG;Oliveira;Crescente/Decrescente;602,101;-20,610337;-44,735001;634,85;-20,85886;-44,836666
AUTOPISTA FERNÃO DIAS;2007;BR-381/MG;Perdões;Crescente/Decrescente;664,601;-21,041685;-45,000712;680,2;-21,129227;-45,101079
AUTOPISTA FERNÃO DIAS;2007;BR-381/MG;Perdões;Crescente/Decrescente;680,851;-21,13433;-45,104155;683,65;-21,155972;-45,114804
AUTOPISTA FERNÃO DIAS;2007;BR-381/MG;Pouso Alegre;Crescente/Decrescente;846,651;-22,212473;-45,867524;872,13;-22,406545;-45,96088
AUTOPISTA FERNÃO DIAS;2007;BR-381/MG;Ribeirão Vermelho;Crescente/Decrescente;683,651;-21,155972;-45,114804;685,6;-21,168171;-45,126527
AUTOPISTA FERNÃO DIAS;2007;BR-381/MG;Ribeirão Vermelho;Crescente/Decrescente;680,201;-21,129227;-45,101079;680,85;-21,13433;-45,104155
AUTOPISTA FERNÃO DIAS;2007;BR-381/MG;Rio Manso;Crescente/Decrescente;546,001;-20,269841;-44,424374;549;-20,291459;-44,436505
AUTOPISTA FERNÃO DIAS;2007;BR-381/MG;Rio Manso;Crescente/Decrescente;529,801;-20,162374;-44,346589;530,35;-20,16307;-44,351514
AUTOPISTA FERNÃO DIAS;2007;BR-381/MG;Santo Antônio do Amparo;Crescente/Decrescente;634,851;-20,85886;-44,836666;664,6;-21,041685;-45,000712
AUTOPISTA FERNÃO DIAS;2007;BR-381/MG;São Gonçalo do Sapucaí;Crescente/Decrescente;783,751;-21,836371;-45,507142;808,15;-21,98665;-45,652743
AUTOPISTA FERNÃO DIAS;2007;BR-381/MG;São Joaquim de Bicas;Crescente/Decrescente;506,401;-20,039118;-44,256533;510,9;-20,060577;-44,291346
AUTOPISTA FERNÃO DIAS;2007;BR-381/MG;São Sebastião da Bela Vista;Crescente/Decrescente;827,141;-22,108592;-45,741583;846,65;-22,212473;-45,867524
AUTOPISTA FERNÃO DIAS;2007;BR-381/MG;Três Corações;Crescente/Decrescente;736,451;-21,552263;-45,244597;761,45;-21,704261;-45,369685
AUTOPISTA FERNÃO DIAS;2007;BR-381/SP;Atibaia;Crescente/Decrescente;25,501;-23,021164;-46,530602;52,9;-23,23618;-46,600757
AUTOPISTA FERNÃO DIAS;2007;BR-381/SP;Bragança Paulista;Crescente/Decrescente;11,501;-22,927385;-46,458476;25,5;-23,021164;-46,530602
AUTOPISTA FERNÃO DIAS;2007;BR-381/SP;Guarulhos;Crescente/Decrescente;86,801;-23,470464;-46,566752;90,4;-23,499806;-46,559344
AUTOPISTA FERNÃO DIAS;2007;Alça 1/SP;Mairiporã;Decrescente;68,15;-23,343509;-46,572572;67,5;-23,337712;-46,574885
AUTOPISTA FERNÃO DIAS;2007;BR-381/SP;Mairiporã;Crescente/Decrescente;52,901;-23,23618;-46,600757;71,6;-23,356818;-46,548991
AUTOPISTA FERNÃO DIAS;2007;BR-381/SP;São Paulo;Crescente/Decrescente;71,601;-23,356818;-46,548991;86,8;-23,470464;-46,566752
AUTOPISTA FERNÃO DIAS;2007;BR-381/SP;Vargem;Crescente/Decrescente;0;-22,879699;-46,373263;11,5;-22,927385;-46,458476
AUTOPISTA FLUMINENSE;2019;BR-101/RJ;Silva Jardim;Crescente/Decrescente;214,261;-22,498397;-42,267365;251,31;-22,680332;-42,52748
AUTOPISTA FLUMINENSE;2019;BR-101/RJ;Tanguá;Crescente/Decrescente;271,831;-22,728667;-42,699589;278,53;-22,739346;-42,763384
AUTOPISTA FLUMINENSE;2019;BR-101/RJ;Tanguá;Decrescente;278,531;-22,739346;-42,763384;282,115;-22,736895;-42,797792
AUTOPISTA FLUMINENSE;2019;BR-101/RJ;Macaé;Crescente/Decrescente;143,626;-22,201886;-41,750073;157,14;-22,267085;-41,859855
AUTOPISTA FLUMINENSE;2019;BR-101/RJ;Macaé;Crescente/Decrescente;159,081;-22,277967;-41,872619;178,955;-22,399278;-41,996127
AUTOPISTA FLUMINENSE;2019;BR-101/RJ;Quissamã;Crescente/Decrescente;125,481;-22,070236;-41,686262;129,84;-22,108199;-41,693676
AUTOPISTA FLUMINENSE;2019;BR-101/RJ;Rio Bonito;Crescente/Decrescente;251,311;-22,680332;-42,52748;271,83;-22,728667;-42,699589
AUTOPISTA FLUMINENSE;2019;BR-101/RJ;Rio das Ostras;Crescente/Decrescente;178,956;-22,399278;-41,996127;182,81;-22,425912;-42,01441
AUTOPISTA FLUMINENSE;2019;BR-101/RJ;Rio das Ostras;Crescente;182,811;-22,425912;-42,01441;183,535;-22,42831;-42,021002
AUTOPISTA FLUMINENSE;2019;BR-101/RJ;São Gonçalo;Crescente/Decrescente;299,291;-22,774958;-42,941507;319,485;-22,856166;-43,103244
AUTOPISTA FLUMINENSE;2019;BR-101/RJ;Campos dos Goytacazes;Crescente/Decrescente;0;-21,222705;-41,309549;123,63;-22,053893;-41,683453
AUTOPISTA FLUMINENSE;2019;BR-101/RJ;Carapebus;Crescente/Decrescente;131,621;-22,120057;-41,705373;143,625;-22,201886;-41,750073
AUTOPISTA FLUMINENSE;2019;BR-101/RJ;Casimiro de Abreu;Decrescente;182,811;-22,425912;-42,01441;183,535;-22,42831;-42,021002
AUTOPISTA FLUMINENSE;2019;BR-101/RJ;Casimiro de Abreu;Crescente/Decrescente;183,535;-22,42831;-42,021002;214,26;-22,498397;-42,267365
AUTOPISTA FLUMINENSE;2019;BR-101/RJ;Conceição de Macabu;Crescente/Decrescente;123,631;-22,053893;-41,683453;125,48;-22,070236;-41,686262
AUTOPISTA FLUMINENSE;2019;BR-101/RJ;Conceição de Macabu;Crescente/Decrescente;129,841;-22,108199;-41,693676;131,62;-22,120057;-41,705373
AUTOPISTA FLUMINENSE;2019;BR-101/RJ;Conceição de Macabu;Crescente/Decrescente;157,141;-22,267085;-41,859855;159,08;-22,277967;-41,872619
AUTOPISTA FLUMINENSE;2019;BR-101/RJ;Itaboraí;Crescente;278,531;-22,739346;-42,763384;282,115;-22,736895;-42,797792
AUTOPISTA FLUMINENSE;2019;BR-101/RJ;Itaboraí;Crescente/Decrescente;282,116;-22,736895;-42,797792;299,29;-22,774958;-42,941507
AUTOPISTA FLUMINENSE;2019;BR-101/RJ;Niterói;Crescente/Decrescente;319,486;-22,856166;-43,103244;322,1;-22,877778;-43,110591
AUTOPISTA LITORAL SUL;2009;BR-116/PR;Curitiba;Crescente/Decrescente;108,161;-25,56679;-49,239486;115,2;-25,544043;-49,304259
AUTOPISTA LITORAL SUL;2009;BR-376/PR;Guaratuba;Crescente/Decrescente;662,487;-25,852471;-48,972491;682,123;-25,981114;-48,886779
AUTOPISTA LITORAL SUL;2009;BR-116/PR;Piraquara;Crescente/Decrescente;77,307;-25,39558;-49,056748;91,52;-25,501677;-49,120878
AUTOPISTA LITORAL SUL;2009;BR-116/PR;Quatro Barras;Crescente/Decrescente;71,1;-25,344374;-49,043582;77,306;-25,39558;-49,056748
AUTOPISTA LITORAL SUL;2009;BR-376/PR;São José dos Pinhais;Crescente/Decrescente;614,4;-25,56751;-49,182354;635,7;-25,751754;-49,127241
AUTOPISTA LITORAL SUL;2009;BR-116/PR;São José dos Pinhais;Crescente/Decrescente;91,521;-25,501677;-49,120878;108,16;-25,56679;-49,239486
AUTOPISTA LITORAL SUL;2009;BR-376/PR;Tijucas do Sul;Crescente/Decrescente;635,701;-25,751754;-49,127241;662,486;-25,852471;-48,972491
AUTOPISTA LITORAL SUL;2009;BR-101/SC;Balneário Camboriú;Decrescente;128,295;-26,974566;-48,682618;142,5;-27,060321;-48,596465
AUTOPISTA LITORAL SUL;2009;BR-101/SC;Balneário Camboriú;Crescente;128,295;-27,060321;-48,596465;133;-26,999324;-48,646046
AUTOPISTA LITORAL SUL;2009;BR-101/SC;Balneário Camboriú;Crescente;133,001;-26,999324;-48,646046;142,499;-27,05778;-48,597784
AUTOPISTA LITORAL SUL;2009;BR-101/SC;Balneário Piçarras;Crescente/Decrescente;96,181;-26,722714;-48,702149;103,905;-26,791231;-48,681051
AUTOPISTA LITORAL SUL;2009;BR-101/SC;Barra Velha;Crescente/Decrescente;80,115;-26,597143;-48,723256;96,18;-26,722714;-48,702149
AUTOPISTA LITORAL SUL;2009;BR-101/SC;Biguaçu;Decrescente;174,831;-27,336567;-48,627126;198,51;-27,532377;-48,631298
AUTOPISTA LITORAL SUL;2009;BR-101/SC;Biguaçu;Crescente;181,191;-27,391292;-48,631977;198,51;-27,526607;-48,635018
AUTOPISTA LITORAL SUL;2009;Contorno de Florianópolis/SC;Biguaçu;Crescente/Decrescente;0;-27,35242;-48,63341;23,97;-27,526197;-48,707899
AUTOPISTA LITORAL SUL;2009;BR-101/SC;Araquari;Crescente/Decrescente;56,201;-26,434377;-48,817445;80,114;-26,597135;-48,723252
AUTOPISTA LITORAL SUL;2009;BR-101/SC;Garuva;Crescente/Decrescente;0;-25,981897;-48,886249;17,6;-26,12567;-48,88614
AUTOPISTA LITORAL SUL;2009;BR-101/SC;Governador Celso Ramos;Crescente;173,437;-27,321268;-48,627725;181,19;-27,388523;-48,631977
AUTOPISTA LITORAL SUL;2009;BR-101/SC;Governador Celso Ramos;Decrescente;173,437;-27,324035;-48,627185;174,83;-27,336558;-48,627126
AUTOPISTA LITORAL SUL;2009;BR-101/SC;Itajaí;Crescente/Decrescente;111,767;-26,843145;-48,717912;128,294;-26,974557;-48,68262
AUTOPISTA LITORAL SUL;2009;BR-101/SC;Itapema;Crescente/Decrescente;142,501;-27,057795;-48,597772;152,065;-27,135585;-48,610146
AUTOPISTA LITORAL SUL;2009;BR-101/SC;Joinville;Crescente/Decrescente;17,601;-26,12567;-48,88614;56,2;-26,434375;-48,817454
AUTOPISTA LITORAL SUL;2009;Contorno de Florianópolis/SC;Palhoça;Crescente/Decrescente;34,421;-27,612756;-48,6929;48,6;-27,68398;-48,667375
AUTOPISTA LITORAL SUL;2009;BR-101/SC;Navegantes;Crescente/Decrescente;110,201;-26,834943;-48,707382;111,766;-26,843138;-48,717905
AUTOPISTA LITORAL SUL;2009;BR-101/SC;Palhoça;Crescente/Decrescente;211,001;-27,623398;-48,652269;244,68;-27,900286;-48,648762
AUTOPISTA LITORAL SUL;2009;BR-101/SC;Penha;Crescente/Decrescente;103,906;-26,79124;-48,681049;110,2;-26,834887;-48,706378
AUTOPISTA LITORAL SUL;2009;BR-101/SC;Porto Belo;Crescente/Decrescente;152,066;-27,135585;-48,610146;160,54;-27,208071;-48,619704
AUTOPISTA LITORAL SUL;2009;BR-101/SC;São José;Crescente/Decrescente;198,511;-27,532385;-48,631293;211;-27,623398;-48,652269
AUTOPISTA LITORAL SUL;2009;Contorno de Florianópolis/SC;São José;Crescente/Decrescente;23,971;-27,526197;-48,707899;34,42;-27,612756;-48,6929
AUTOPISTA LITORAL SUL;2009;BR-101/SC;Tijucas;Crescente/Decrescente;160,541;-27,208079;-48,619708;173,436;-27,321259;-48,627728
AUTOPISTA PLANALTO SUL;2017;BR-116/SC;São Cristóvão do Sul;Crescente/Decrescente;172,931;-27,217748;-50,466519;192,08;-27,362139;-50,433702
AUTOPISTA PLANALTO SUL;2017;BR-116/SC;Santa Cecília;Crescente/Decrescente;110,181;-26,761043;-50,351796;161;-27,114553;-50,457397
AUTOPISTA PLANALTO SUL;2017;BR-116/SC;Ponte Alta;Crescente/Decrescente;192,081;-27,362139;-50,433702;217,16;-27,56288;-50,375849
AUTOPISTA PLANALTO SUL;2017;BR-116/SC;Ponte Alta do Norte;Crescente/Decrescente;161,001;-27,114553;-50,457397;172,93;-27,217748;-50,466519
AUTOPISTA PLANALTO SUL;2017;BR-116/SC;Papanduva;Crescente/Decrescente;46,518;-26,352311;-50,110189;66,5;-26,437685;-50,228719
AUTOPISTA PLANALTO SUL;2017;BR-116/SC;Lages;Crescente/Decrescente;238,511;-27,746615;-50,334742;255;-27,873218;-50,401553
AUTOPISTA PLANALTO SUL;2017;BR-116/SC;Mafra;Crescente/Decrescente;0;-26,109172;-49,784422;20,185;-26,243912;-49,904054
AUTOPISTA PLANALTO SUL;2017;BR-116/SC;Itaiópolis;Crescente/Decrescente;20,186;-26,243912;-49,904054;46,517;-26,352311;-50,110189
AUTOPISTA PLANALTO SUL;2017;BR-116/SC;Monte Castelo;Crescente/Decrescente;66,501;-26,437685;-50,228719;110,18;-26,761043;-50,351796
AUTOPISTA PLANALTO SUL;2017;BR-116/SC;Correia Pinto;Crescente/Decrescente;217,161;-27,56288;-50,375849;238,51;-27,746615;-50,334742
AUTOPISTA PLANALTO SUL;2017;BR-116/SC;Capão Alto;Crescente/Decrescente;255,001;-27,873218;-50,401553;310,24;-28,208807;-50,758695
AUTOPISTA PLANALTO SUL;2017;BR-116/PR;Rio Negro;Crescente/Decrescente;196,301;-26,032603;-49,689711;211,8;-26,108853;-49,784141
AUTOPISTA PLANALTO SUL;2017;BR-116/PR;Quitandinha;Crescente/Decrescente;158,061;-25,86532;-49,410997;179,08;-25,917297;-49,600844
AUTOPISTA PLANALTO SUL;2017;BR-116/PR;Mandirituba;Crescente/Decrescente;135,261;-25,720668;-49,318065;158,06;-25,864875;-49,410382
AUTOPISTA PLANALTO SUL;2017;BR-116/PR;Fazenda Rio Grande;Crescente/Decrescente;124,221;-25,622952;-49,315824;135,26;-25,720668;-49,318065
AUTOPISTA PLANALTO SUL;2017;BR-116/PR;Curitiba;Crescente/Decrescente;115;-25,541951;-49,302827;124,22;-25,622952;-49,315824
AUTOPISTA PLANALTO SUL;2017;BR-116/PR;Campo do Tenente;Crescente/Decrescente;179,081;-25,917297;-49,600844;196,3;-26,032603;-49,689711
AUTOPISTA REGIS BITTENCOURT;2017;BR-116/PR;Campina Grande do Sul;Crescente/Decrescente;24,501;-25,110182;-48,770864;59,1;-25,304804;-48,946004
AUTOPISTA REGIS BITTENCOURT;2017;BR-116/PR;Campina Grande do Sul;Crescente;59,101;-25,304733;-48,946024;71,1;-25,344296;-49,043511
AUTOPISTA REGIS BITTENCOURT;2017;BR-116/PR;Campina Grande do Sul;Crescente/Decrescente;0;-25,060032;-48,562344;19,2;-25,102573;-48,72248
AUTOPISTA REGIS BITTENCOURT;2017;CW-116/PR;Campina Grande do Sul;Crescente;0;-25,345458;-49,044914;9,45;-25,370539;-49,123861
AUTOPISTA REGIS BITTENCOURT;2017;BR-116/SP;Taboão da Serra;Crescente/Decrescente;268,9;-23,607729;-46,752335;275,45;-23,620181;-46,811094
AUTOPISTA REGIS BITTENCOURT;2017;BR-116/PR;Antonina;Crescente/Decrescente;19,201;-25,102573;-48,72248;24,5;-25,110182;-48,770864
AUTOPISTA REGIS BITTENCOURT;2017;BR-116/SP;São Lourenço da Serra;Crescente/Decrescente;298,601;-23,786725;-46,91369;314,15;-23,893505;-46,984466
AUTOPISTA REGIS BITTENCOURT;2017;BR-116/SP;Registro;Crescente/Decrescente;427,356;-24,393085;-47,724028;457,375;-24,593025;-47,878932
AUTOPISTA REGIS BITTENCOURT;2017;CW-116/PR;Curitiba;Crescente/Decrescente;16,101;-25,387204;-49,177002;18,5;-25,38898;-49,198037
AUTOPISTA REGIS BITTENCOURT;2017;CW-116/PR;Colombo;Crescente/Decrescente;9,451;-25,370539;-49,123861;16,1;-25,387204;-49,177002
AUTOPISTA REGIS BITTENCOURT;2017;BR-116/SP;Cajati;Crescente/Decrescente;482,071;-24,722865;-48,047391;522,8;-24,911137;-48,252753
AUTOPISTA REGIS BITTENCOURT;2017;BR-116/SP;Embu das Artes;Crescente/Decrescente;275,451;-23,620181;-46,811094;284,7;-23,682935;-46,859026
AUTOPISTA REGIS BITTENCOURT;2017;BR-116/SP;Pariquera-Açu;Crescente/Decrescente;457,376;-24,593025;-47,878932;465,825;-24,648092;-47,924377
AUTOPISTA REGIS BITTENCOURT;2017;BR-116/SP;Miracatu;Crescente/Decrescente;340,001;-24,003621;-47,157577;406,717;-24,326072;-47,562016
AUTOPISTA REGIS BITTENCOURT;2017;BR-116/SP;Itapecerica da Serra;Crescente/Decrescente;284,701;-23,682935;-46,859026;298,6;-23,786725;-46,91369
AUTOPISTA REGIS BITTENCOURT;2017;BR-116/SP;Juquiá;Crescente/Decrescente;406,718;-24,326072;-47,562016;427,355;-24,393085;-47,724028
AUTOPISTA REGIS BITTENCOURT;2017;BR-116/SP;Juquitiba;Crescente/Decrescente;314,151;-23,893505;-46,984466;340;-24,003621;-47,157577
AUTOPISTA REGIS BITTENCOURT;2017;BR-116/SP;Jacupiranga;Crescente/Decrescente;465,826;-24,648092;-47,924377;482,07;-24,722865;-48,047391
AUTOPISTA REGIS BITTENCOURT;2017;BR-116/SP;Barra do Turvo;Crescente/Decrescente;522,801;-24,911137;-48,252753;569,1;-25,059796;-48,561727
AUTOPISTA REGIS BITTENCOURT;2017;BR-116/PR;Quatro Barras;Decrescente;71,1;-25,344378;-49,043379;59,101;-25,304883;-48,945982
AUTOPISTA REGIS BITTENCOURT;2017;CW-116/PR;Quatro Barras;Decrescente;9,45;-25,370661;-49,123847;0;-25,346163;-49,04442
CONCEBRA;2017;BR-60/GO;Abadiânia;Crescente/Decrescente;47,111;-16,146572;-48,605159;74,23;-16,276357;-48,779043
CONCEBRA;2017;BR-60/GO;Alexânia;Crescente/Decrescente;13,951;-16,110974;-48,351112;47,11;-16,146572;-48,605159
CONCEBRA;2017;BR-60/GO;Anápolis;Crescente/Decrescente;74,231;-16,276357;-48,779043;101,93;-16,405385;-48,982125
CONCEBRA;2017;BR-153/GO;Aparecida de Goiânia;Crescente/Decrescente;503,901;-16,734006;-49,243581;517,1;-16,851123;-49,247262
CONCEBRA;2017;BR-60/GO;Goianápolis;Crescente/Decrescente;101,931;-16,405385;-48,982125;114,5;-16,466201;-49,067065
CONCEBRA;2017;BR-60/GO;Goianápolis;Crescente/Decrescente;122,851;-16,517256;-49,122921;130,25;-16,576286;-49,161636
CONCEBRA;2017;BR-60/GO;Goiânia;Crescente/Decrescente;130,251;-16,576286;-49,161636;139;-16,620681;-49,206385
CONCEBRA;2017;BR-153/GO;Goiânia;Crescente/Decrescente;490;-16,620681;-49,206385;503,9;-16,734006;-49,243581
CONCEBRA;2017;BR-153/GO;Hidrolândia;Crescente/Decrescente;517,101;-16,851123;-49,247262;544,3;-17,084267;-49,223793
CONCEBRA;2017;BR-153/GO;Itumbiara;Crescente/Decrescente;681,621;-18,229595;-49,263035;703,9;-18,417878;-49,194372
CONCEBRA;2017;BR-153/GO;Goiatuba;Crescente/Decrescente;650,251;-17,960341;-49,251597;671,24;-18,143957;-49,288157
CONCEBRA;2017;BR-153/GO;Morrinhos;Crescente/Decrescente;597,061;-17,518431;-49,216051;650,25;-17,960341;-49,251597
CONCEBRA;2017;BR-153/GO;Piracanjuba;Crescente/Decrescente;587,601;-17,439468;-49,231601;597,06;-17,518431;-49,216051
CONCEBRA;2017;BR-153/GO;Piracanjuba;Crescente/Decrescente;576,051;-17,34455;-49,247277;576,5;-17,348779;-49,248253
CONCEBRA;2017;BR-153/GO;Piracanjuba;Crescente/Decrescente;577,601;-17,358797;-49,248011;583,23;-17,401752;-49,223486
CONCEBRA;2017;BR-153/GO;Piracanjuba;Crescente/Decrescente;544,301;-17,084267;-49,223793;549,3;-17,127099;-49,212029
CONCEBRA;2017;BR-153/GO;Piracanjuba;Crescente/Decrescente;550,001;-17,132652;-49,214109;556,7;-17,190034;-49,209108
CONCEBRA;2017;BR-153/GO;Professor Jamil;Crescente/Decrescente;583,231;-17,401752;-49,223486;587,6;-17,439468;-49,231601
CONCEBRA;2017;BR-153/GO;Professor Jamil;Crescente/Decrescente;576,501;-17,348779;-49,248253;577,6;-17,358797;-49,248011
CONCEBRA;2017;BR-153/GO;Professor Jamil;Crescente/Decrescente;556,701;-17,190034;-49,209108;576,05;-17,34455;-49,247277
CONCEBRA;2017;BR-153/GO;Professor Jamil;Crescente/Decrescente;549,301;-17,127099;-49,212029;550;-17,132652;-49,214109
CONCEBRA;2017;BR-60/GO;Santo Antônio do Descoberto;Crescente/Decrescente;0;-16,0523;-48,2598;13,95;-16,110974;-48,351112
CONCEBRA;2017;BR-153/GO;Panamá;Crescente/Decrescente;671,241;-18,143957;-49,288157;681,62;-18,229595;-49,263035
CONCEBRA;2017;BR-60/GO;Terezópolis de Goiás;Crescente/Decrescente;114,501;-16,466201;-49,067065;122,85;-16,517256;-49,122921
CONCEBRA;2017;BR-60/DF;Brasília;Crescente/Decrescente;0;-15,882437;-48,06012;31,9;-16,0523;-48,2598
CONCEBRA;2017;BR-262/MG;Uberaba;Crescente/Decrescente;765,851;-19,666499;-47,603207;842,4;-19,756323;-48,271338
CONCEBRA;2017;BR-262/MG;Veríssimo;Crescente/Decrescente;849,901;-19,758749;-48,340211;859,6;-19,789397;-48,425021
CONCEBRA;2017;BR-262/MG;Perdizes;Crescente/Decrescente;722,601;-19,618977;-47,219101;748,5;-19,613103;-47,456104
CONCEBRA;2017;BR-262/MG;São Gonçalo do Pará;Crescente/Decrescente;424,601;-19,891683;-44,815994;431,2;-19,893956;-44,875643
CONCEBRA;2017;BR-153/MG;Prata;Crescente/Decrescente;76,701;-19,038574;-49,011181;143,97;-19,597597;-48,833006
CONCEBRA;2017;BR-262/MG;Sacramento;Crescente/Decrescente;748,501;-19,613103;-47,456104;765,85;-19,666499;-47,603207
CONCEBRA;2017;BR-262/MG;Santa Rosa da Serra;Crescente/Decrescente;579,601;-19,652157;-46,068883;580;-19,649334;-46,070096
CONCEBRA;2017;BR-262/MG;Nova Serrana;Crescente/Decrescente;431,201;-19,893956;-44,875643;460,2;-19,810805;-45,110484
CONCEBRA;2017;BR-262/MG;Pará de Minas;Crescente/Decrescente;414,671;-19,885456;-44,721798;418,6;-19,882797;-44,758543
CONCEBRA;2017;BR-262/MG;Pará de Minas;Crescente/Decrescente;392,881;-19,903303;-44,53853;406,94;-19,899832;-44,659507
CONCEBRA;2017;BR-153/MG;Monte Alegre de Minas;Crescente/Decrescente;46,601;-18,791382;-49,084558;76,7;-19,038574;-49,011181
CONCEBRA;2017;BR-262/MG;Mateus Leme;Crescente/Decrescente;381,731;-19,936081;-44,438468;386,35;-19,918002;-44,482094
CONCEBRA;2017;BR-262/MG;Moema;Crescente/Decrescente;490,301;-19,785604;-45,377812;501,25;-19,772478;-45,478967
CONCEBRA;2017;BR-262/MG;Luz;Crescente/Decrescente;501,251;-19,772478;-45,478967;554;-19,709266;-45,923187
CONCEBRA;2017;BR-262/MG;Igaratinga;Crescente/Decrescente;406,941;-19,899832;-44,659507;414,67;-19,885456;-44,721798
CONCEBRA;2017;BR-262/MG;Igaratinga;Crescente/Decrescente;418,601;-19,882797;-44,758543;424,6;-19,891683;-44,815994
CONCEBRA;2017;BR-262/MG;Juatuba;Crescente/Decrescente;361,801;-19,972928;-44,277008;381,73;-19,936081;-44,438468
CONCEBRA;2017;BR-262/MG;Ibiá;Crescente/Decrescente;607,251;-19,607513;-46,283145;674,4;-19,551802;-46,852151
CONCEBRA;2017;BR-262/MG;Florestal;Crescente/Decrescente;386,351;-19,918002;-44,482094;392,88;-19,903303;-44,53853
CONCEBRA;2017;BR-153/MG;Fronteira;Crescente/Decrescente;223,201;-20,124474;-49,10497;223,9;-20,130251;-49,108448
CONCEBRA;2017;BR-153/MG;Fronteira;Crescente/Decrescente;224,751;-20,137396;-49,110131;246,7;-20,305285;-49,207355
CONCEBRA;2017;BR-153/MG;Frutal;Crescente/Decrescente;223,901;-20,130251;-49,108448;224,75;-20,137396;-49,110131
CONCEBRA;2017;BR-153/MG;Frutal;Crescente/Decrescente;180,001;-19,799678;-48,96713;223,2;-20,124474;-49,10497
CONCEBRA;2017;BR-262/MG;Córrego Danta;Crescente/Decrescente;554,001;-19,709266;-45,923187;579,6;-19,652157;-46,068883
CONCEBRA;2017;BR-153/MG;Centralina;Crescente/Decrescente;13,771;-18,539511;-49,193339;36,4;-18,722497;-49,121311
CONCEBRA;2017;BR-153/MG;Comendador Gomes;Crescente/Decrescente;145,751;-19,611174;-48,83901;180;-19,799678;-48,96713
CONCEBRA;2017;BR-262/MG;Comendador Gomes;Crescente/Decrescente;909,351;-19,652897;-48,824484;913,1;-19,629576;-48,848965
CONCEBRA;2017;BR-262/MG;Conceição das Alagoas;Crescente/Decrescente;842,401;-19,756323;-48,271338;849,9;-19,758749;-48,340211
CONCEBRA;2017;BR-262/MG;Conceição das Alagoas;Crescente/Decrescente;859,601;-19,789397;-48,425021;864,4;-19,775856;-48,466401
CONCEBRA;2017;BR-262/MG;Bom Despacho;Crescente/Decrescente;465,201;-19,792126;-45,155469;490,3;-19,785604;-45,377812
CONCEBRA;2017;BR-153/MG;Canápolis;Crescente/Decrescente;36,401;-18,722497;-49,121311;46,6;-18,791382;-49,084558
CONCEBRA;2017;BR-262/MG;Campo Florido;Crescente/Decrescente;864,401;-19,775856;-48,466401;909,35;-19,652897;-48,824484
CONCEBRA;2017;BR-153/MG;Campo Florido;Crescente/Decrescente;143,971;-19,597597;-48,833006;145,75;-19,611174;-48,83901
CONCEBRA;2017;BR-262/MG;Campos Altos;Crescente/Decrescente;580,001;-19,649334;-46,070096;607,25;-19,607513;-46,283145
CONCEBRA;2017;BR-262/MG;Betim;Crescente/Decrescente;353;-19,987394;-44,198498;361,8;-19,972928;-44,277008
CONCEBRA;2017;BR-153/MG;Araporã;Crescente/Decrescente;0;-18,417878;-49,194372;13,77;-18,539511;-49,193339
CONCEBRA;2017;BR-262/MG;Araújos;Crescente/Decrescente;460,201;-19,810805;-45,110484;465,2;-19,792126;-45,155469
CONCEBRA;2017;BR-262/MG;Araxá;Crescente/Decrescente;674,401;-19,551802;-46,852151;722,6;-19,618977;-47,219101
CONCER;2016;BR-40/MG;Juiz de Fora;Crescente/Decrescente;773,5;-21,642391;-43,436695;799,96;-21,826568;-43,374415
CONCER;2016;BR-40/MG;Matias Barbosa;Crescente/Decrescente;799,961;-21,826568;-43,374415;814,82;-21,913858;-43,320227
CONCER;2016;BR-40/MG;Simão Pereira;Crescente/Decrescente;814,821;-21,913858;-43,320227;828,7;-22,011008;-43,267484
CONCER;2016;BR-40/RJ;Areal;Crescente/Decrescente;30,001;-22,187569;-43,165508;45,655;-22,281562;-43,119039
CONCER;2016;BR-40/RJ;Duque de Caxias;Crescente/Decrescente;92,001;-22,565324;-43,239291;124,5;-22,810563;-43,288514
CONCER;2016;BR-40/RJ;Comendador Levy Gasparian;Crescente/Decrescente;0;-22,01129;-43,266851;10,2;-22,046071;-43,204284
CONCER;2016;BR-40/RJ;Três Rios;Crescente/Decrescente;10,201;-22,046071;-43,204284;30;-22,187569;-43,165508
CONCER;2016;BR-40/RJ;Rio de Janeiro;Crescente/Decrescente;124,501;-22,810563;-43,288514;125,2;-22,816202;-43,289005
CONCER;2016;BR-40/RJ;Petrópolis;Crescente/Decrescente;45,656;-22,281562;-43,119039;92;-22,565324;-43,239291
CRO;2016;BR-364/MT;Acorizal;Crescente;469,214;-15,412363;-56,355243;489,308;-15,26788;-56,451377
CRO;2016;BR-364/MT;Campo Verde;Crescente/Decrescente;311,461;-15,811159;-55,264493;347,781;-15,793465;-55,573191
CRO;2016;BR-163/MT;Sinop;Crescente/Decrescente;854,221;-11,693701;-55,45158;855;-11,691799;-55,451248
CRO;2016;BR-163/MT;Sorriso;Crescente/Decrescente;691,493;-13,051454;-55,908563;785,827;-12,292805;-55,566514
CRO;2016;BR-364/MT;Várzea Grande;Crescente/Decrescente;434,6;-15,649673;-56,195364;469,213;-15,412363;-56,355243
CRO;2016;BR-70/MT;Várzea Grande;Crescente/Decrescente;511,7;-15,699234;-56,113002;524;-15,650247;-56,194832
CRO;2016;BR-163/MT;Vera;Crescente/Decrescente;785,828;-12,292805;-55,566514;802,266;-12,154731;-55,513246
CRO;2016;BR-364/MT;Cuiabá;Crescente;365,455;-15,726504;-55,670934;390,035;-15,698746;-55,892669
CRO;2016;BR-364/MT;Cuiabá;Crescente/Decrescente;390,036;-15,698746;-55,892669;402,4;-15,651015;-55,996855
CRO;2016;BR-70/MT;Cuiabá;Crescente/Decrescente;495,9;-15,650196;-55,9998;511,599;-15,698736;-56,112223
CRO;2016;BR-364/MT;Diamantino;Crescente/Decrescente;584,883;-14,556409;-56,223313;588,2;-14,52849;-56,226875
CRO;2016;BR-163/MT;Diamantino;Crescente/Decrescente;507,1;-14,52849;-56,226875;560,503;-14,14682;-56,099295
CRO;2016;BR-163/MT;Itiquira;Crescente/Decrescente;0;-17,51979;-54,739712;52,359;-17,050479;-54,761771
CRO;2016;BR-364/MT;Jaciara;Crescente/Decrescente;265,776;-15,99758;-54,922103;311,46;-15,811159;-55,264493
CRO;2016;BR-364/MT;Jangada;Decrescente;469,214;-15,412363;-56,355243;489,308;-15,26788;-56,451377
CRO;2016;BR-364/MT;Jangada;Crescente/Decrescente;489,309;-15,26788;-56,451377;506,823;-15,137174;-56,52235
CRO;2016;BR-364/MT;Juscimeira;Crescente/Decrescente;237,432;-16,203821;-54,781276;262,875;-16,017576;-54,90583
CRO;2016;BR-163/MT;Lucas do Rio Verde;Crescente/Decrescente;641,515;-13,451934;-56,082429;691,492;-13,051454;-55,908563
CRO;2016;BR-364/MT;Nobres;Crescente/Decrescente;555,989;-14,763715;-56,347844;584,882;-14,556409;-56,223313
CRO;2016;BR-163/MT;Nova Mutum;Crescente/Decrescente;560,503;-14,14682;-56,099295;641,514;-13,451934;-56,082429
CRO;2016;BR-163/MT;Rondonópolis;Crescente/Decrescente;52,36;-17,050479;-54,761771;119,9;-16,488603;-54,647393
CRO;2016;BR-364/MT;Rondonópolis;Crescente/Decrescente;201;-16,488603;-54,647393;237,431;-16,203821;-54,781276
CRO;2016;BR-364/MT;Rosário Oeste;Crescente/Decrescente;506,824;-15,137174;-56,52235;555,988;-14,763715;-56,347844
CRO;2016;BR-364/MT;Santo Antônio de Leverger;Decrescente;365,455;-15,726504;-55,670934;390,035;-15,698746;-55,892669
CRO;2016;BR-364/MT;Santo Antônio de Leverger;Crescente/Decrescente;347,782;-15,793465;-55,573191;365,454;-15,726504;-55,670934
CRO;2016;Variante - BR-364/MT;Santo Antônio de Leverger;Decrescente;1;-15,773466;-55,654417;16,249;-15,805374;-55,556219
CRO;2016;BR-364/MT;São Pedro da Cipa;Crescente/Decrescente;262,876;-16,017576;-54,90583;265,775;-15,99758;-54,922103
CRO;2016;BR-163/MT;Sinop;Crescente/Decrescente;802,267;-12,154731;-55,513246;854,22;-11,693701;-55,45158
ECO050;2017;BR-50/GO;Campo Alegre de Goiás;Crescente/Decrescente;147,3;-17,151876;-47,722702;233,8;-17,834697;-47,772715
ECO050;2017;BR-50/GO;Catalão;Crescente/Decrescente;233,801;-17,834882;-47,772775;296,639;-18,303175;-48,013176
ECO050;2017;BR-50/GO;Cristalina;Crescente/Decrescente;95,7;-16,754358;-47,604381;116,76;-16,913811;-47,688048
ECO050;2017;BR-50/GO;Cristalina;Crescente/Decrescente;95;-16,749419;-47,608604;95,699;-16,754358;-47,604381
ECO050;2017;BR-50/GO;Ipameri;Crescente/Decrescente;116,761;-16,913811;-47,688048;147,299;-17,151876;-47,722702
ECO050;2017;BR-50/GO;Cumari;Crescente/Decrescente;296,64;-18,303154;-48,013061;314,2;-18,424718;-48,065747
ECO050;2017;BR-50/MG;Uberlândia;Crescente/Decrescente;54,501;-18,77155;-48,244142;65,7;-18,858362;-48,253862
ECO050;2017;BR-50/MG;Uberlândia;Crescente/Decrescente;77,3;-18,938442;-48,219407;102,199;-19,156609;-48,164601
ECO050;2017;Contorno de Uberlândia/MG;Uberlândia;Crescente/Decrescente;0;-18,8597;-48,256872;22,4;-18,938484;-48,219471
ECO050;2017;BR-50/MG;Uberaba;Crescente/Decrescente;102,2;-19,156609;-48,164601;193,66;-19,881299;-47,852552
ECO050;2017;BR-50/MG;Delta;Crescente/Decrescente;193,661;-19,881299;-47,852552;207,3;-19,983767;-47,788374
ECO050;2017;BR-50/MG;Araguari;Crescente/Decrescente;0;-18,424715;-48,065747;54,5;-18,77145;-48,244361
ECOSUL;1996;BR-116/RS;Capão do Leão;Crescente/Decrescente;527,896;-31,750482;-52,4179;556,916;-31,90239;-52,664079
ECOSUL;1996;BR-116/RS;Turuçu;Crescente/Decrescente;482,289;-31,413662;-52,169936;490,42;-31,475287;-52,212919
ECOSUL;1996;BR-116/RS;Camaquã;Crescente/Decrescente;400,5;-30,873063;-51,810163;414,149;-30,938788;-51,932713
ECOSUL;1996;BR-392/RS;Canguçu;Crescente/Decrescente;104,921;-31,503471;-52,611812;160,184;-31,113669;-52,924204
ECOSUL;1996;BR-392/RS;Rio Grande;Crescente/Decrescente;0;-32,045523;-52,075936;60,163;-31,790578;-52,347001
ECOSUL;1996;BR-392/RS;Santana da Boa Vista;Crescente/Decrescente;176,491;-31,019608;-53,047355;199,7;-30,872762;-53,136439
ECOSUL;1996;BR-116/RS;Arroio Grande;Crescente/Decrescente;582,225;-32,048016;-52,859925;630,324;-32,373495;-53,192119
ECOSUL;1996;BR-116/RS;Cristal;Crescente/Decrescente;414,15;-30,938788;-51,932713;446,122;-31,164405;-52,029708
ECOSUL;1996;BR-116/RS;Jaguarão;Crescente/Decrescente;630,325;-32,373495;-53,192119;661;-32,567949;-53,379798
ECOSUL;1996;BR-392/RS;Morro Redondo;Crescente/Decrescente;95,78;-31,561848;-52,546762;104,92;-31,503471;-52,611812
ECOSUL;1996;BR-116/RS;Pedro Osório;Crescente/Decrescente;556,917;-31,90239;-52,664079;582,224;-32,048016;-52,859925
ECOSUL;1996;BR-116/RS;Pelotas;Crescente/Decrescente;490,421;-31,475287;-52,212919;523,924;-31,728101;-52,386878
ECOSUL;1996;BR-116/RS;Pelotas;Crescente/Decrescente;523,925;-31,728101;-52,386878;527,895;-31,750482;-52,4179
ECOSUL;1996;BR-392/RS;Pelotas;Crescente/Decrescente;60,164;-31,790578;-52,347001;68,4;-31,7461;-52,403602
ECOSUL;1996;BR-392/RS;Pelotas;Crescente/Decrescente;71,3;-31,724426;-52,386136;95,779;-31,561848;-52,546762
ECOSUL;1996;BR-392/RS;Piratini;Crescente/Decrescente;160,185;-31,113669;-52,924204;176,49;-31,019608;-53,047355
ECOSUL;1996;BR-116/RS;São Lourenço do Sul;Crescente/Decrescente;446,123;-31,164405;-52,029708;482,288;-31,413662;-52,169936
ECOVIAS CAPIXABA;2020;BR-101/BA;Mucuri;Crescente/Decrescente;939,2;-18,042519;-39,866767;956,73;-18,174842;-39,918202
ECOVIAS CAPIXABA;2020;BR-101/ES;Anchieta;Crescente/Decrescente;347,344;-20,652353;-40,629306;371,488;-20,769148;-40,770972
ECOVIAS CAPIXABA;2020;BR-101/ES;Aracruz;Crescente/Decrescente;169,186;-19,544053;-40,164187;199,05;-19,719392;-40,349588
ECOVIAS CAPIXABA;2020;BR-101/ES;Atílio Vivácqua;Crescente/Decrescente;421,701;-20,979341;-41,114149;434,952;-21,054747;-41,195771
ECOVIAS CAPIXABA;2020;BR-101/ES;Cachoeiro de Itapemirim;Crescente/Decrescente;416,923;-20,946257;-41,088851;421,7;-20,979342;-41,114148
ECOVIAS CAPIXABA;2020;BR-101/ES;Cariacica;Crescente/Decrescente;281,653;-20,225287;-40,361717;297,27;-20,348611;-40,411891
ECOVIAS CAPIXABA;2020;BR-101/ES;Conceição da Barra;Crescente/Decrescente;23,054;-18,352006;-39,956524;54,88;-18,627897;-39,879601
ECOVIAS CAPIXABA;2020;BR-101/ES;Fundão;Crescente/Decrescente;226,457;-19,906509;-40,407269;239,6;-20,013778;-40,405025
ECOVIAS CAPIXABA;2020;BR-101/ES;Guarapari;Crescente/Decrescente;319,363;-20,506446;-40,474812;347,343;-20,652354;-40,629307
ECOVIAS CAPIXABA;2020;BR-101/ES;Ibiraçu;Crescente/Decrescente;208,598;-19,78579;-40,371009;226,456;-19,906508;-40,407268
ECOVIAS CAPIXABA;2020;BR-101/ES;Iconha;Crescente/Decrescente;371,489;-20,769147;-40,770971;374,4;-20,78783;-40,787121
ECOVIAS CAPIXABA;2020;BR-101/ES;Iconha;Crescente/Decrescente;379,3;-20,801847;-40,827821;381,203;-20,813835;-40,840586
ECOVIAS CAPIXABA;2020;Contorno de Iconha/ES;Iconha;Crescente/Decrescente;0;-20,787081;-40,783287;7,25;-20,806391;-40,832496
ECOVIAS CAPIXABA;2020;BR-101/ES;Itapemirim;Crescente/Decrescente;389,429;-20,864589;-40,882623;416,922;-20,946258;-41,088852
ECOVIAS CAPIXABA;2020;BR-101/ES;Jaguaré;Crescente/Decrescente;90,327;-18,900788;-39,957391;101,78;-18,994721;-40,002313
ECOVIAS CAPIXABA;2020;BR-101/ES;João Neiva;Crescente/Decrescente;199,051;-19,719391;-40,349589;208,597;-19,78578;-40,371007
ECOVIAS CAPIXABA;2020;BR-101/ES;Linhares;Crescente/Decrescente;120,494;-19,148484;-40,077334;169,185;-19,544054;-40,164188
ECOVIAS CAPIXABA;2020;BR-101/ES;Mimoso do Sul;Crescente/Decrescente;436,738;-21,06121;-41,210633;461,09;-21,222197;-41,30885
ECOVIAS CAPIXABA;2020;BR-101/ES;Pedro Canário;Crescente/Decrescente;0;-18,17495;-39,91817;17,707;-18,310456;-39,955154
ECOVIAS CAPIXABA;2020;BR-101/ES;Pinheiros;Crescente/Decrescente;17,708;-18,310455;-39,955153;23,053;-18,352007;-39,956525
ECOVIAS CAPIXABA;2020;BR-101/ES;Presidente Kennedy;Crescente/Decrescente;434,953;-21,054746;-41,19577;436,737;-21,06122;-41,210634
ECOVIAS CAPIXABA;2020;BR-101/ES;Rio Novo do Sul;Crescente/Decrescente;381,204;-20,813834;-40,840585;389,428;-20,864588;-40,882624
ECOVIAS CAPIXABA;2020;BR-101/ES;São Mateus;Crescente/Decrescente;54,881;-18,627896;-39,8796;90,326;-18,900789;-39,957392
ECOVIAS CAPIXABA;2020;BR-101/ES;Serra;Crescente/Decrescente;239,601;-20,013779;-40,405024;247,799;-20,067366;-40,372069
ECOVIAS CAPIXABA;2020;BR-101/ES;Serra;Crescente/Decrescente;278,301;-20,21816;-40,340128;281,652;-20,225288;-40,361718
ECOVIAS CAPIXABA;2020;Contorno do Mestre Álvaro/ES;Serra;Crescente/Decrescente;0;-20,067367;-40,37207;19,42;-20,218159;-40,340128
ECOVIAS CAPIXABA;2020;BR-101/ES;Sooretama;Crescente/Decrescente;101,781;-18,99472;-40,002312;120,493;-19,148485;-40,077335
ECOVIAS CAPIXABA;2020;BR-101/ES;Viana;Crescente/Decrescente;297,271;-20,348611;-40,411891;310,706;-20,431945;-40,45935
ECOVIAS CAPIXABA;2020;BR-101/ES;Vila Velha;Crescente/Decrescente;310,707;-20,431945;-40,45935;319,362;-20,506447;-40,474813
ECOVIAS DO ARAGUAIA;2021;BR-153/TO;Aliança do Tocantins;Crescente/Decrescente;622,7;-11,298019;-48,9399;643,61;-11,477907;-48,999303
ECOVIAS DO ARAGUAIA;2021;BR-153/TO;Alvorada;Crescente/Decrescente;733,321;-12,237168;-49,158233;778,277;-12,626315;-49,070589
ECOVIAS DO ARAGUAIA;2021;BR-153/TO;Cariri do Tocantins;Crescente/Decrescente;678,719;-11,775456;-49,108181;718,109;-12,105053;-49,185167
ECOVIAS DO ARAGUAIA;2021;BR-153/TO;Dueré;Crescente/Decrescente;643,611;-11,477907;-48,999303;656,306;-11,58721;-49,035869
ECOVIAS DO ARAGUAIA;2021;BR-153/TO;Figueirópolis;Crescente/Decrescente;718,11;-12,105053;-49,185167;733,32;-12,237168;-49,158233
ECOVIAS DO ARAGUAIA;2021;BR-153/TO;Gurupi;Crescente/Decrescente;656,307;-11,58721;-49,035869;678,718;-11,775456;-49,108181
ECOVIAS DO ARAGUAIA;2021;BR-153/TO;Talismã;Crescente/Decrescente;778,278;-12,626315;-49,070589;801,87;-12,83541;-49,10234
ECOVIAS DO ARAGUAIA;2021;BR-414/GO;Cocalzinho de Goiás;Crescente/Decrescente;318,937;-15,368191;-48,645892;379,715;-15,823965;-48,778399
ECOVIAS DO ARAGUAIA;2021;BR-414/GO;Corumbá de Goiás;Crescente/Decrescente;379,716;-15,823965;-48,778399;404,2;-16,004876;-48,841756
ECOVIAS DO ARAGUAIA;2021;BR-153/GO;Campinorte;Crescente/Decrescente;141,143;-14,012256;-49,085409;182,325;-14,375778;-49,158169
ECOVIAS DO ARAGUAIA;2021;BR-80/GO;Barro Alto;Crescente/Decrescente;117,288;-15,089559;-48,856369;143,747;-14,892238;-48,97406
ECOVIAS DO ARAGUAIA;2021;BR-153/GO;Anápolis;Crescente/Decrescente;412,455;-16,130398;-49,046789;442,9;-16,353917;-48,928407
ECOVIAS DO ARAGUAIA;2021;BR-414/GO;Anápolis;Crescente/Decrescente;432,778;-16,219679;-48,92186;442,92;-16,353502;-48,929174
ECOVIAS DO ARAGUAIA;2021;BR-414/GO;Abadiânia;Crescente/Decrescente;404,201;-16,004876;-48,841756;432,777;-16,219679;-48,92186
ECOVIAS DO ARAGUAIA;2021;BR-153/GO;Estrela do Norte;Crescente/Decrescente;112,648;-13,764642;-49,028935;130,201;-13,918935;-49,067942
ECOVIAS DO ARAGUAIA;2021;BR-153/GO;Hidrolina;Crescente/Decrescente;223,573;-14,725189;-49,233593;235,603;-14,816118;-49,294807
ECOVIAS DO ARAGUAIA;2021;BR-153/GO;Pirenópolis;Crescente/Decrescente;392,763;-16,00404;-49,13503;412,454;-16,130398;-49,046789
ECOVIAS DO ARAGUAIA;2021;BR-153/GO;Porangatu;Crescente/Decrescente;0;-12,836068;-49,102517;85,511;-13,552955;-49,086475
ECOVIAS DO ARAGUAIA;2021;BR-153/GO;Nova Glória;Crescente/Decrescente;259,779;-15,002179;-49,412361;284,638;-15,181364;-49,545017
ECOVIAS DO ARAGUAIA;2021;BR-153/GO;Mara Rosa;Crescente/Decrescente;130,202;-13,918935;-49,067942;141,142;-14,012256;-49,085409
ECOVIAS DO ARAGUAIA;2021;BR-153/GO;Jaraguá;Crescente/Decrescente;329,166;-15,531245;-49,451691;368,148;-15,831647;-49,278342
ECOVIAS DO ARAGUAIA;2021;BR-80/GO;Vila Propício;Crescente/Decrescente;94,3;-15,208278;-48,699896;117,287;-15,089559;-48,856369
ECOVIAS DO ARAGUAIA;2021;BR-414/GO;Vila Propício;Crescente/Decrescente;300;-15,208606;-48,699865;318,936;-15,368191;-48,645892
ECOVIAS DO ARAGUAIA;2021;BR-80/GO;Uruaçu;Crescente/Decrescente;164,029;-14,743268;-49,069327;181,05;-14,635176;-49,176377
ECOVIAS DO ARAGUAIA;2021;BR-153/GO;Uruaçu;Crescente/Decrescente;182,326;-14,375778;-49,158169;223,572;-14,725189;-49,233593
ECOVIAS DO ARAGUAIA;2021;BR-153/GO;São Francisco de Goiás;Crescente/Decrescente;368,149;-15,831647;-49,278342;392,762;-16,00404;-49,13503
ECOVIAS DO ARAGUAIA;2021;BR-153/GO;São Luiz do Norte;Crescente/Decrescente;235,604;-14,816118;-49,294807;259,778;-15,002179;-49,412361
ECOVIAS DO ARAGUAIA;2021;BR-80/GO;Santa Rita do Novo Destino;Crescente/Decrescente;143,748;-14,892238;-48,97406;164,028;-14,743268;-49,069327
ECOVIAS DO ARAGUAIA;2021;BR-153/GO;Santa Tereza de Goiás;Crescente/Decrescente;85,512;-13,552955;-49,086475;112,647;-13,764642;-49,028935
ECOVIAS DO ARAGUAIA;2021;BR-153/GO;Rialma;Crescente/Decrescente;284,639;-15,181364;-49,545017;316,843;-15,438738;-49,509186
ECOVIAS DO ARAGUAIA;2021;BR-153/GO;Rianápolis;Crescente/Decrescente;316,844;-15,438738;-49,509186;329,165;-15,531245;-49,451691
ECOVIAS DO CERRADO;2020;BR-364/GO;São Simão;Crescente/Decrescente;0;-19,043744;-50,502209;23,67;-18,913493;-50,678822
ECOVIAS DO CERRADO;2020;BR-364/GO;Paranaiguara;Crescente/Decrescente;23,671;-18,913493;-50,678822;39,81;-18,860086;-50,821235
ECOVIAS DO CERRADO;2020;BR-364/GO;Jataí;Crescente/Decrescente;136,571;-18,197849;-51,33133;192,2;-17,916568;-51,693973
ECOVIAS DO CERRADO;2020;BR-364/GO;Cachoeira Alta;Crescente/Decrescente;39,811;-18,860086;-50,821235;113,26;-18,301188;-51,147071
ECOVIAS DO CERRADO;2020;BR-364/GO;Aparecida do Rio Doce;Crescente/Decrescente;113,261;-18,301188;-51,147071;136,57;-18,197849;-51,33133
ECOVIAS DO CERRADO;2020;BR-365/MG;Canápolis;Crescente/Decrescente;728,541;-18,896953;-49,263823;735;-18,905632;-49,324298
ECOVIAS DO CERRADO;2020;BR-365/MG;Gurinhatã;Crescente/Decrescente;787,886;-18,935157;-49,798964;810;-18,890568;-50,000474
ECOVIAS DO CERRADO;2020;BR-365/MG;Ituiutaba;Crescente/Decrescente;735,001;-18,905632;-49,324298;787,885;-18,935157;-49,798964
ECOVIAS DO CERRADO;2020;BR-365/MG;Uberlândia;Crescente/Decrescente;626;-18,906401;-48,33288;652,98;-18,864388;-48,584657
ECOVIAS DO CERRADO;2020;BR-365/MG;Santa Vitória;Crescente/Decrescente;810,001;-18,890568;-50,000474;870,11;-19,043372;-50,503527
ECOVIAS DO CERRADO;2020;BR-365/MG;Monte Alegre de Minas;Crescente/Decrescente;652,981;-18,864388;-48,584657;728,54;-18,896953;-49,263823
ECOVIAS PONTE;2017;Acesso N 01/RJ;Niterói;Crescente;0;-22,880573;-43,107048;0,81;-22,87842;-43,11453
ECOVIAS PONTE;2017;Acesso N 02/RJ;Niterói;Crescente;0;-22,87872;-43,1146;0,967;-22,880668;-43,107049
ECOVIAS PONTE;2017;Acesso N 04/RJ;Niterói;Crescente;0;-22,87872;-43,1146;0,449;-22,882738;-43,115748
ECOVIAS PONTE;2017;Acesso N 05/RJ;Niterói;Crescente;0;-22,880875;-43,109903;0,42;-22,881858;-43,113949
ECOVIAS PONTE;2017;Acesso N 07/RJ;Niterói;Crescente;0;-22,885376;-43,114077;0,837;-22,87842;-43,11453
ECOVIAS PONTE;2017;Acesso N 08/RJ;Niterói;Crescente;0;-22,87872;-43,1146;0,815;-22,885578;-43,115364
ECOVIAS PONTE;2017;Acesso N 09/RJ;Niterói;Crescente;0;-22,877768;-43,110643;0,704;-22,882459;-43,114939
ECOVIAS PONTE;2017;Acesso N 10/RJ;Niterói;Crescente;0;-22,88201;-43,113204;0,377;-22,879608;-43,110867
ECOVIAS PONTE;2017;Acesso N 11/RJ;Niterói;Crescente;0;-22,879952;-43,112499;0,46;-22,878734;-43,1123
ECOVIAS PONTE;2017;Acesso N 11 A/RJ;Niterói;Crescente;0;-22,879125;-43,110943;0,151;-22,879732;-43,11208
ECOVIAS PONTE;2017;Acesso N 12/RJ;Niterói;Crescente;0;-22,878254;-43,110198;0,308;-22,878425;-43,113214
ECOVIAS PONTE;2017;Acesso N 12 A/RJ;Niterói;Crescente;0;-22,878708;-43,112328;0,229;-22,878304;-43,110203
ECOVIAS PONTE;2017;Acesso N 13/RJ;Niterói;Crescente;0;-22,877911;-43,11388;0,42;-22,880689;-43,112911
ECOVIAS PONTE;2017;Acesso N 14/RJ;Niterói;Crescente;0;-22,878195;-43,11047;0,221;-22,878146;-43,109954
ECOVIAS PONTE;2017;Acesso N 15/RJ;Niterói;Crescente;0;-22,878285;-43,110203;0,09;-22,878358;-43,109365
ECOVIAS PONTE;2017;Acesso N 15 A/RJ;Niterói;Crescente;0;-22,878057;-43,109154;0,113;-22,878226;-43,110199
ECOVIAS PONTE;2017;Acesso N 15 B/RJ;Niterói;Crescente;0;-22,878232;-43,109226;0,009;-22,878172;-43,109281
ECOVIAS PONTE;2017;Acesso N 16/RJ;Niterói;Crescente;0;-22,876374;-43,110633;0,317;-22,878358;-43,112908
ECOVIAS PONTE;2017;Acesso N 17/RJ;Niterói;Crescente;0;-22,878324;-43,113141;0,099;-22,877871;-43,113759
ECOVIAS PONTE;2017;Acesso N 18/RJ;Niterói;Crescente;0;-22,878372;-43,112177;0,063;-22,87892;-43,112529
ECOVIAS PONTE;2017;Acesso N 18 A/RJ;Niterói;Crescente;0;-22,878388;-43,112394;0,043;-22,878758;-43,112584
ECOVIAS PONTE;2017;Acesso N 19/RJ;Niterói;Crescente;0;-22,878746;-43,112277;0,212;-22,879171;-43,112049
ECOVIAS PONTE;2017;Acesso N 03/RJ;Niterói;Crescente;321,6;-22,87744;-43,110707;322,067;-22,87842;-43,11453
ECOVIAS PONTE;2017;N João de Deus/RJ;Niterói;Crescente;0;-22,85956;-43,10317;0,627;-22,861923;-43,107368
ECOVIAS PONTE;2017;N Rob Silveira/RJ;Niterói;Crescente;0;-22,89936;-43,1108;1,684;-22,885376;-43,114077
ECOVIAS PONTE;2017;N Boaventura/RJ;Niterói;Crescente;0;-22,88073;-43,10053;0,671;-22,880573;-43,107048
ECOVIAS PONTE;2017;N Quintino/RJ;Niterói;Crescente;0;-22,91399;-43,09624;2,205;-22,89936;-43,1108
ECOVIAS PONTE;2017;BR-101/RJ;Niterói;Decrescente;326,5;-22,87116;-43,15585;322,067;-22,87872;-43,1146
ECOVIAS PONTE;2017;BR-101/RJ;Niterói;Crescente;322,067;-22,87842;-43,11453;326,5;-22,87102;-43,15583
ECOVIAS PONTE;2017;BR-101/RJ;Niterói;Crescente;317,176;-22,84148;-43,0967;321,6;-22,87744;-43,110707
ECOVIAS PONTE;2017;Acesso R 4 A/RJ;Rio de Janeiro;Crescente;0;-22,889744;-43,21593;0,56;-22,88483;-43,21672
ECOVIAS PONTE;2017;R Rio de Janeiro/RJ;Rio de Janeiro;Crescente;0;-22,889744;-43,21593;0,719;-22,895674;-43,213119
ECOVIAS PONTE;2017;R Elevado Perimetral/RJ;Rio de Janeiro;Crescente;0;-22,89171;-43,21502;0,24;-22,889744;-43,21593
ECOVIAS PONTE;2017;R Bicalho/RJ;Rio de Janeiro;Crescente;0;-22,90655;-43,20956;1,756;-22,891858;-43,21487
ECOVIAS PONTE;2017;Acesso R 2/RJ;Rio de Janeiro;Crescente;333,624;-22,88484;-43,21694;334,386;-22,888895;-43,221387
ECOVIAS PONTE;2017;Acesso R 2 A/RJ;Rio de Janeiro;Decrescente;333,939;-22,887875;-43,21761;333,624;-22,88483;-43,21672
ECOVIAS PONTE;2017;Acesso R 1/RJ;Rio de Janeiro;Crescente;0;-22,88484;-43,21694;0,669;-22,894015;-43,215458
ECOVIAS PONTE;2017;Acesso R 1 A/RJ;Rio de Janeiro;Crescente;0;-22,88484;-43,21694;1,02;-22,890453;-43,21723
ECOVIAS PONTE;2017;Acesso R 4/RJ;Rio de Janeiro;Crescente;0;-22,891858;-43,21487;0,827;-22,88483;-43,21672
ECOVIAS PONTE;2017;Acesso N 06/RJ;Rio de Janeiro;Decrescente;0;-22,87872;-43,1146;0,726;-22,878205;-43,110546
ECOVIAS PONTE;2017;BR-101/RJ;Rio de Janeiro;Decrescente;335,397;-22,88609;-43,22932;333,939;-22,887875;-43,21761
ECOVIAS PONTE;2017;BR-101/RJ;Rio de Janeiro;Decrescente;333,623;-22,88483;-43,21672;326,501;-22,87116;-43,15585
ECOVIAS PONTE;2017;BR-101/RJ;Rio de Janeiro;Crescente;326,501;-22,87102;-43,15583;333,623;-22,88484;-43,21694
ECOVIAS PONTE;2017;Acesso R3/RJ;Rio de Janeiro;Crescente;0;-22,525577;-43,124957;2,5;-22,523198;-43,135585
ECOVIAS PONTE;2017;Acesso R5A/RJ;Rio de Janeiro;Crescente;0;-22,525292;-43,12512;2,588;-22,525389;-43,140854
ECOVIAS PONTE;2017;Acesso R5B/RJ;Rio de Janeiro;Decrescente;0;-22,524913;-43,140365;2,236;-22,525242;-43,125043
ECOVIAS RIO MINAS;2021;BR-116/RJ;São João de Meriti;Crescente/Decrescente;172,351;-22,802765;-43,348967;178,03;-22,802753;-43,348847
ECOVIAS RIO MINAS;2021;BR-116/RJ;São José do Vale do Rio Preto;Crescente/Decrescente;38,811;-22,120433;-42,779317;40,39;-22,1335;-42,779319
ECOVIAS RIO MINAS;2021;BR-116/RJ;Sapucaia;Crescente/Decrescente;2,1;-21,880164;-42,681417;38,81;-22,120433;-42,779317
ECOVIAS RIO MINAS;2021;BR-493/RJ;Seropédica;Crescente/Decrescente;87,201;-22,665725;-43,636067;111,09;-22,808397;-43,796742
ECOVIAS RIO MINAS;2021;BR-465/RJ;Seropédica;Crescente/Decrescente;0;-22,711886;-43,735131;15,64;-22,811681;-43,629175
ECOVIAS RIO MINAS;2021;BR-116/RJ;Seropédica;Crescente/Decrescente;204,961;-22,727683;-43,640494;214,7;-22,713406;-43,734036
ECOVIAS RIO MINAS;2021;BR-116/RJ;Rio de Janeiro;Crescente/Decrescente;168,72;-22,820733;-43,319989;172,35;-22,802765;-43,348967
ECOVIAS RIO MINAS;2021;BR-116/RJ;Magé;Crescente/Decrescente;115,161;-22,583747;-43,015225;140,5;-22,646791;-43,213404
ECOVIAS RIO MINAS;2021;BR-493/RJ;Magé;Crescente/Decrescente;19,001;-22,665956;-43,028436;25,37;-22,656431;-43,088356
ECOVIAS RIO MINAS;2021;BR-116/RJ;Nova Iguaçu;Crescente/Decrescente;180,481;-22,764767;-43,416414;193,47;-22,738778;-43,532381
ECOVIAS RIO MINAS;2021;BR-493/RJ;Nova Iguaçu;Crescente/Decrescente;58,341;-22,670389;-43,380694;77,37;-22,670194;-43,549433
ECOVIAS RIO MINAS;2021;BR-465/RJ;Nova Iguaçu;Crescente/Decrescente;15,641;-22,811681;-43,629175;21,74;-22,858606;-43,601772
ECOVIAS RIO MINAS;2021;BR-493/RJ;Japeri;Crescente/Decrescente;77,371;-22,670016;-43,549379;87,2;-22,665725;-43,636067
ECOVIAS RIO MINAS;2021;BR-116/RJ;Queimados;Crescente/Decrescente;193,471;-22,738778;-43,532381;204,96;-22,727683;-43,640494
ECOVIAS RIO MINAS;2021;BR-116/RJ;Teresópolis;Crescente/Decrescente;40,391;-22,1335;-42,779319;93,12;-22,462594;-42,987571
ECOVIAS RIO MINAS;2021;BR-465/RJ;Rio de Janeiro;Crescente/Decrescente;21,741;-22,858606;-43,601772;23,16;-22,868914;-43,596681
ECOVIAS RIO MINAS;2021;BR-116/RJ;Belford Roxo;Crescente/Decrescente;178,031;-22,802753;-43,348847;180,48;-22,764767;-43,416414
ECOVIAS RIO MINAS;2021;BR-493/RJ;Itaboraí;Crescente/Decrescente;0;-22,770669;-42,922831;7,99;-22,712935;-42,953392
ECOVIAS RIO MINAS;2021;BR-493/RJ;Itaguaí;Crescente/Decrescente;111,091;-22,808397;-43,796742;122,7;-22,903403;-43,825194
ECOVIAS RIO MINAS;2021;BR-116/RJ;Duque de Caxias;Crescente/Decrescente;140,501;-22,646791;-43,213404;148,65;-22,672;-43,285778
ECOVIAS RIO MINAS;2021;BR-493/RJ;Duque de Caxias;Crescente/Decrescente;48,1;-22,671876;-43,285772;58,34;-22,670389;-43,380694
ECOVIAS RIO MINAS;2021;BR-493/RJ;Guapimirim;Crescente/Decrescente;7,991;-22,712935;-42,953392;19;-22,665956;-43,028436
ECOVIAS RIO MINAS;2021;Acesso Guapimirim /RJ;Guapimirim;Crescente;0;-22,3949;-42,5944;0,04;-22,3948;-42,5943
ECOVIAS RIO MINAS;2021;Acesso Guapimirim B/RJ;Guapimirim;Decrescente;0;-22,3949;-42,5943;0,04;-22,3948;-42,5943
ECOVIAS RIO MINAS;2021;BR-116/RJ;Guapimirim;Crescente/Decrescente;93,121;-22,462594;-42,987571;115,16;-22,583747;-43,015225
ECOVIAS RIO MINAS;2021;BR-116/MG;Ubaporanga;Crescente/Decrescente;505,741;-19,612092;-42,113275;518,28;-19,715306;-42,126322
ECOVIAS RIO MINAS;2021;BR-116/MG;Muriaé;Crescente/Decrescente;681,611;-20,957494;-42,349786;723,33;-21,274603;-42,4071
ECOVIAS RIO MINAS;2021;BR-116/MG;Laranjal;Crescente/Decrescente;723,331;-21,274603;-42,4071;739,79;-21,393292;-42,490825
ECOVIAS RIO MINAS;2021;BR-116/MG;Miradouro;Crescente/Decrescente;667,351;-20,850481;-42,321347;681,61;-20,957494;-42,349786
ECOVIAS RIO MINAS;2021;BR-116/MG;Orizânia;Crescente/Decrescente;613,581;-20,452678;-42,170867;629,83;-20,590672;-42,208169
ECOVIAS RIO MINAS;2021;BR-116/MG;Santa Rita de Minas;Crescente/Decrescente;532,021;-19,831969;-42,138822;542,02;-19,909761;-42,135367
ECOVIAS RIO MINAS;2021;BR-116/MG;Santa Bárbara do Leste;Crescente/Decrescente;542,021;-19,909761;-42,135367;554,23;-20,009081;-42,144964
ECOVIAS RIO MINAS;2021;BR-116/MG;Tarumirim;Crescente/Decrescente;461,001;-19,244864;-42,057533;475,73;-19,362281;-42,098136
ECOVIAS RIO MINAS;2021;BR-116/MG;São João do Manhuaçu;Crescente/Decrescente;593,721;-20,291472;-42,147361;613,58;-20,452678;-42,170867
ECOVIAS RIO MINAS;2021;BR-116/MG;Santo Antônio do Aventureiro;Crescente/Decrescente;788,475;-21,665856;-42,730297;788,95;-21,669561;-42,732472
ECOVIAS RIO MINAS;2021;BR-116/MG;São Francisco do Glória;Crescente/Decrescente;651,781;-20,739133;-42,285117;667,35;-20,850481;-42,321347
ECOVIAS RIO MINAS;2021;BR-116/MG;Governador Valadares;Crescente/Decrescente;408,58;-18,846119;-41,980664;419,66;-18,930017;-41,939775
ECOVIAS RIO MINAS;2021;BR-116/MG;Fervedouro;Crescente/Decrescente;639,461;-20,651889;-42,246906;651,78;-20,739133;-42,285117
ECOVIAS RIO MINAS;2021;BR-116/MG;Inhapim;Crescente/Decrescente;482,781;-19,420817;-42,119306;505,74;-19,612092;-42,113275
ECOVIAS RIO MINAS;2021;BR-116/MG;Manhuaçu;Crescente/Decrescente;554,231;-20,009081;-42,144964;586,574;-20,243358;-42,158603
ECOVIAS RIO MINAS;2021;BR-116/MG;Manhuaçu;Crescente/Decrescente;588,7;-20,249853;-42,142389;593,72;-20,291472;-42,147361
ECOVIAS RIO MINAS;2021;BR-116/MG;Leopoldina;Crescente/Decrescente;739,791;-21,393292;-42,490825;788,36;-21,665256;-42,729408
ECOVIAS RIO MINAS;2021;BR-116/MG;Divino;Crescente/Decrescente;629,831;-20,590672;-42,208169;639,46;-20,651889;-42,246906
ECOVIAS RIO MINAS;2021;BR-116/MG;Dom Cavati;Crescente/Decrescente;475,731;-19,362281;-42,098136;482,78;-19,420817;-42,119306
ECOVIAS RIO MINAS;2021;BR-116/MG;Engenheiro Caldas;Crescente/Decrescente;429,801;-18,997614;-41,977872;461;-19,244864;-42,057533
ECOVIAS RIO MINAS;2021;BR-116/MG;Caratinga;Crescente/Decrescente;518,281;-19,715306;-42,126322;532,02;-19,831969;-42,138822
ECOVIAS RIO MINAS;2021;BR-116/MG;Além Paraíba;Crescente/Decrescente;788,361;-21,665256;-42,729408;788,474;-21,665856;-42,730297
ECOVIAS RIO MINAS;2021;BR-116/MG;Além Paraíba;Crescente/Decrescente;788,951;-21,669561;-42,732472;816,32;-21,871533;-42,668206
ECOVIAS RIO MINAS;2021;BR-116/MG;Alpercata;Crescente/Decrescente;419,661;-18,930017;-41,939775;429,8;-18,997614;-41,977872
ELOVIAS;2020;BR-40/MG;Juiz de Fora;Crescente/Decrescente;776,1;-21,645331;-43,435711;802,56;-21,825694;-43,374744
ELOVIAS;2020;BR-40/MG;Simão Pereira;Crescente/Decrescente;817,481;-21,913906;-43,320322;831,4;-22,010981;-43,267742
ELOVIAS;2020;BR-40/MG;Matias Barbosa;Crescente/Decrescente;802,561;-21,825694;-43,374744;817,48;-21,913906;-43,320322
ELOVIAS;2020;BR-40/RJ;Areal;Crescente/Decrescente;30,001;-22,187569;-43,165508;45,655;-22,281562;-43,119039
ELOVIAS;2020;BR-40/RJ;Comendador Levy Gasparian;Crescente/Decrescente;0;-22,01129;-43,266851;13;-22,064022;-43,196281
ELOVIAS;2020;BR-40/RJ;Duque de Caxias;Crescente/Decrescente;92,001;-22,565324;-43,239291;124,5;-22,810563;-43,288514
ELOVIAS;2020;BR-40/RJ;Três Rios;Crescente/Decrescente;13,001;-22,064022;-43,196281;30;-22,187569;-43,165508
ELOVIAS;2020;BR-40/RJ;Petrópolis;Crescente/Decrescente;45,656;-22,281562;-43,119039;92;-22,565324;-43,239291
ELOVIAS;2020;BR-495/RJ;Petrópolis;Crescente;34,4;-22,224397;-43,075219;34,5;-22,224622;-43,075092
ELOVIAS;2020;BR-40/RJ;Rio de Janeiro;Crescente/Decrescente;124,501;-22,810563;-43,288514;125,2;-22,816202;-43,289005
EPR IGUAÇU;2019;BR-163/PR;Cascavel;Crescente/Decrescente;196,546;-25,031799;-53,548778;197,424;-25,023865;-53,550525
EPR IGUAÇU;2019;BR-277/PR;Cascavel;Crescente/Decrescente;552,201;-25,093946;-53,128201;552,274;-25,093899;-53,128159
EPR IGUAÇU;2019;BR-277/PR;Cascavel;Crescente/Decrescente;552,275;-25,093899;-53,128159;604,675;-25,026961;-53,554693
EPR IGUAÇU;2019;BR-277/PR;Catanduvas;Crescente/Decrescente;546,611;-25,100638;-53,078814;552,2;-25,093946;-53,128201
EPR IGUAÇU;2019;BR-277/PR;Céu Azul;Crescente/Decrescente;613,596;-25,053464;-53,635909;649,875;-25,180438;-53,922018
EPR IGUAÇU;2019;BR-277/PR;Foz do Iguaçu;Crescente/Decrescente;719,301;-25,480393;-54,486133;731,624;-25,509492;-54,598161
EPR IGUAÇU;2019;BR-277/PR;Foz do Iguaçu;Crescente/Decrescente;731,625;-25,509492;-54,598161;731,95;-25,509492;-54,598161
EPR IGUAÇU;2019;BR-277/PR;Foz do Iguaçu;Crescente/Decrescente;731,951;-25,509492;-54,598161;732,224;-25,509492;-54,598161
EPR IGUAÇU;2019;Acesso 1 BR-277/PR;Foz do Iguaçu;Crescente/Decrescente;0;-25,492606;-54,51541;14,621;-25,588656;-54,589558
EPR IGUAÇU;2019;Acesso 1 BR-277/PR;Foz do Iguaçu;Crescente/Decrescente;14,622;-25,588656;-54,589558;15,021;-25,588656;-54,589558
EPR IGUAÇU;2019;BR-469/PR;Foz do Iguaçu;Crescente/Decrescente;1,8;-25,582162;-54,563563;2,247;-25,586932;-54,562845
EPR IGUAÇU;2019;BR-469/PR;Foz do Iguaçu;Crescente/Decrescente;2,248;-25,586932;-54,562845;2,487;-25,588285;-54,561918
EPR IGUAÇU;2019;BR-277/PR;Ibema;Crescente/Decrescente;535,726;-25,102413;-52,985925;546,61;-25,100638;-53,078814
EPR IGUAÇU;2019;182/PR;Francisco Beltrão;Crescente/Decrescente;520,066;-26,005282;-53,367435;520,69;-26,009759;-53,363359
EPR IGUAÇU;2019;182/PR;Francisco Beltrão;Crescente/Decrescente;518,771;-26,000154;-53,378195;519,8;-26,003626;-53,369327
EPR IGUAÇU;2019;182/PR;Francisco Beltrão;Crescente/Decrescente;531,551;-26,065101;-53,290279;536,085;-26,088334;-53,260579
EPR IGUAÇU;2019;182/PR;Francisco Beltrão;Crescente/Decrescente;521,036;-26,012425;-53,361411;524,755;-26,023571;-53,32911
EPR IGUAÇU;2019;182/PR;Francisco Beltrão;Crescente/Decrescente;525,541;-26,029282;-53,324475;527,295;-26,040371;-53,312448
EPR IGUAÇU;2019;182/PR;Francisco Beltrão;Crescente/Decrescente;527,536;-26,042356;-53,312013;530,15;-26,058465;-53,301671
EPR IGUAÇU;2019;182/PR;Francisco Beltrão;Crescente/Decrescente;530,336;-26,059807;-53,300487;531,03;-26,062464;-53,294388
EPR IGUAÇU;2019;483/PR;Francisco Beltrão;Crescente/Decrescente;0;-26,114533;-53,041471;26,336;-26,088334;-53,260579
EPR IGUAÇU;2019;180/PR;Francisco Beltrão;Crescente/Decrescente;499,87;-26,114533;-53,041471;500,27;-26,117374;-53,039288
EPR IGUAÇU;2019;BR-277/PR;Diamante do Sul;Crescente;506,651;-25,132725;-52,719582;507,355;-25,131201;-52,726241
EPR IGUAÇU;2019;BR-277/PR;Guaraniaçu;Crescente/Decrescente;532,941;-25,094561;-52,95973;534,18;-25,098103;-52,971427
EPR IGUAÇU;2019;BR-277/PR;Guaraniaçu;Decrescente;532,086;-25,091789;-52,951852;532,94;-25,094561;-52,95973
EPR IGUAÇU;2019;BR-277/PR;Guaraniaçu;Decrescente;506,651;-25,132725;-52,719582;507,355;-25,131201;-52,726241
EPR IGUAÇU;2019;BR-277/PR;Guaraniaçu;Crescente/Decrescente;501,731;-25,164275;-52,69118;506,65;-25,132725;-52,719582
EPR IGUAÇU;2019;BR-277/PR;Guaraniaçu;Crescente/Decrescente;507,356;-25,131201;-52,726241;531,82;-25,091742;-52,949348
EPR IGUAÇU;2019;BR-277/PR;Guaraniaçu;Decrescente;495,821;-25,200657;-52,654523;501,73;-25,164275;-52,69118
EPR IGUAÇU;2019;BR-277/PR;Guarapuava;Crescente/Decrescente;313,256;-25,31537;-51,198341;384,54;-25,418598;-51,781141
EPR IGUAÇU;2019;182/PR;Ampére;Crescente/Decrescente;494,011;-25,828531;-53,520204;518,77;-26,000154;-53,378195
EPR IGUAÇU;2019;182/PR;Ampére;Crescente/Decrescente;519,801;-26,003626;-53,369327;520,065;-26,005282;-53,367435
EPR IGUAÇU;2019;182/PR;Ampére;Crescente/Decrescente;520,691;-26,009759;-53,363359;521,035;-26,012425;-53,361411
EPR IGUAÇU;2019;BR-277/PR;Campo Bonito;Crescente/Decrescente;531,821;-25,091742;-52,949348;532,085;-25,091789;-52,951852
EPR IGUAÇU;2019;BR-277/PR;Campo Bonito;Crescente/Decrescente;534,181;-25,098103;-52,971427;535,725;-25,102413;-52,985925
EPR IGUAÇU;2019;BR-277/PR;Campo Bonito;Crescente;532,086;-25,091789;-52,951852;532,94;-25,094561;-52,95973
EPR IGUAÇU;2019;BR-277/PR;Candói;Crescente/Decrescente;384,541;-25,418598;-51,781141;384,579;-25,418558;-51,781108
EPR IGUAÇU;2019;BR-277/PR;Candói;Crescente/Decrescente;384,58;-25,418558;-51,781108;417,45;-25,419314;-52,066971
EPR IGUAÇU;2019;BR-277/PR;Cantagalo;Crescente/Decrescente;417,451;-25,419314;-52,066971;430,94;-25,386114;-52,169426
EPR IGUAÇU;2019;BR-163/PR;Capitão Leônidas Marques;Crescente/Decrescente;128,756;-25,563364;-53,578674;145,285;-25,433993;-53,576735
EPR IGUAÇU;2019;BR-163/PR;Capitão Leônidas Marques;Decrescente;145,286;-25,433993;-53,576735;145,77;-25,429761;-53,577665
EPR IGUAÇU;2019;BR-163/PR;Santa Tereza do Oeste;Crescente/Decrescente;179,376;-25,160813;-53,597607;196,545;-25,031799;-53,548778
EPR IGUAÇU;2019;BR-277/PR;Santa Tereza do Oeste;Crescente/Decrescente;604,676;-25,026961;-53,554693;613,595;-25,053464;-53,635909
EPR IGUAÇU;2019;BR-277/PR;Santa Terezinha de Itaipu;Crescente/Decrescente;706,901;-25,433037;-54,374579;719,3;-25,480393;-54,486133
EPR IGUAÇU;2019;BR-163/PR;Realeza;Crescente/Decrescente;123,7;-25,603889;-53,562894;128,755;-25,563364;-53,578674
EPR IGUAÇU;2019;182/PR;Realeza;Crescente/Decrescente;466,75;-25,604375;-53,562999;494,01;-25,828531;-53,520204
EPR IGUAÇU;2019;280/PR;Renascença;Crescente/Decrescente;234,596;-26,203393;-52,849508;251,095;-26,147944;-52,98648
EPR IGUAÇU;2019;BR-277/PR;Prudentópolis;Crescente/Decrescente;303,801;-25,292069;-51,128675;313,255;-25,31537;-51,198341
EPR IGUAÇU;2019;BR-277/PR;Virmond;Crescente/Decrescente;430,946;-25,386114;-52,169426;444,37;-25,371853;-52,288789
EPR IGUAÇU;2019;158/PR;Vitorino;Crescente/Decrescente;539,311;-26,259648;-52,750959;543,134;-26,258255;-52,787735
EPR IGUAÇU;2019;280/PR;Vitorino;Decrescente;213,806;-26,268114;-52,690561;214,395;-26,267545;-52,69594
EPR IGUAÇU;2019;280/PR;Vitorino;Crescente/Decrescente;213,351;-26,269057;-52,687351;213,805;-26,268114;-52,690561
EPR IGUAÇU;2019;280/PR;Vitorino;Decrescente;214,636;-26,267426;-52,698322;215,905;-26,270429;-52,710313
EPR IGUAÇU;2019;280/PR;Vitorino;Crescente/Decrescente;215,906;-26,270429;-52,710313;216,076;-26,270741;-52,711769
EPR IGUAÇU;2019;280/PR;Vitorino;Crescente/Decrescente;224,45;-26,258255;-52,787735;234,595;-26,203393;-52,849508
EPR IGUAÇU;2019;BR-163/PR;Santa Lúcia;Crescente/Decrescente;145,771;-25,429761;-53,577665;156,685;-25,340099;-53,586536
EPR IGUAÇU;2019;BR-163/PR;Santa Lúcia;Crescente;145,286;-25,433993;-53,576735;145,77;-25,429761;-53,577665
EPR IGUAÇU;2019;BR-277/PR;São Miguel do Iguaçu;Crescente/Decrescente;682,546;-25,327025;-54,173293;682,789;-25,327117;-54,173253
EPR IGUAÇU;2019;BR-277/PR;São Miguel do Iguaçu;Crescente/Decrescente;682,79;-25,327117;-54,173253;706,9;-25,433037;-54,374579
EPR IGUAÇU;2019;182/PR;Manfrinópolis;Crescente/Decrescente;531,031;-26,062464;-53,294388;531,55;-26,065101;-53,290279
EPR IGUAÇU;2019;182/PR;Manfrinópolis;Crescente/Decrescente;530,151;-26,058465;-53,301671;530,335;-26,059807;-53,300487
EPR IGUAÇU;2019;182/PR;Manfrinópolis;Crescente/Decrescente;527,296;-26,040371;-53,312448;527,535;-26,042356;-53,312013
EPR IGUAÇU;2019;182/PR;Manfrinópolis;Crescente/Decrescente;524,756;-26,023571;-53,32911;525,54;-26,029282;-53,324475
EPR IGUAÇU;2019;BR-277/PR;Laranjeiras do Sul;Crescente/Decrescente;444,53;-25,371732;-52,288944;471,045;-25,328779;-52,509309
EPR IGUAÇU;2019;BR-277/PR;Laranjeiras do Sul;Crescente/Decrescente;444,371;-25,371853;-52,288789;444,529;-25,371732;-52,288944
EPR IGUAÇU;2019;BR-163/PR;Lindoeste;Crescente/Decrescente;156,686;-25,340099;-53,586536;179,375;-25,160813;-53,597607
EPR IGUAÇU;2019;180/PR;Marmeleiro;Crescente/Decrescente;500,271;-26,117374;-53,039288;505,257;-26,152789;-53,022528
EPR IGUAÇU;2019;280/PR;Marmeleiro;Crescente/Decrescente;251,096;-26,147944;-52,98648;254,85;-26,152789;-53,022528
EPR IGUAÇU;2019;BR-277/PR;Matelândia;Crescente/Decrescente;649,876;-25,180438;-53,922018;663,79;-25,251205;-54,009719
EPR IGUAÇU;2019;BR-277/PR;Medianeira;Crescente/Decrescente;663,791;-25,251205;-54,009719;682,545;-25,327025;-54,173293
EPR IGUAÇU;2019;BR-277/PR;Nova Laranjeiras;Crescente/Decrescente;471,046;-25,328779;-52,509309;495,82;-25,200657;-52,654523
EPR IGUAÇU;2019;BR-277/PR;Nova Laranjeiras;Crescente;495,821;-25,200657;-52,654523;501,73;-25,164275;-52,69118
EPR IGUAÇU;2019;280/PR;Pato Branco;Crescente/Decrescente;213,25;-26,27064;-52,68527;213,35;-26,269057;-52,687351
EPR IGUAÇU;2019;280/PR;Pato Branco;Crescente;213,806;-26,268114;-52,690561;214,395;-26,267545;-52,69594
EPR IGUAÇU;2019;158/PR;Pato Branco;Crescente/Decrescente;534,8;-26,270741;-52,711769;539,31;-26,259648;-52,750959
EPR IGUAÇU;2019;280/PR;Pato Branco;Crescente/Decrescente;214,396;-26,267545;-52,69594;214,635;-26,267426;-52,698322
EPR IGUAÇU;2019;280/PR;Pato Branco;Crescente;214,636;-26,267426;-52,698322;215,905;-26,270429;-52,710313
EPR PARANÁ;2019;323/PR;Perobal;Crescente/Decrescente;307,901;-23,838067;-53,359878;326,64;-23,897494;-53,5108
EPR PARANÁ;2019;323/PR;Paiçandu;Crescente/Decrescente;148,883;-23,453475;-52,010942;168,283;-23,513997;-52,182861
EPR PARANÁ;2019;182/PR;Nova Londrina;Crescente/Decrescente;26,651;-22,742611;-52,956506;32,48;-22,769156;-52,984411
EPR PARANÁ;2019;BR-376/PR;Nova Londrina;Crescente/Decrescente;29,601;-22,769156;-52,984411;46,21;-22,880478;-52,946736
EPR PARANÁ;2019;317/PR;Maringá;Crescente/Decrescente;101,46;-23,418736;-51,971892;114,66;-23,522339;-52,029942
EPR PARANÁ;2019;Contorno Norte de Maringá/PR;Maringá;Crescente/Decrescente;0;-23,4095;-51,987775;17,3;-23,431714;-51,88725
EPR PARANÁ;2019;BR-376/PR;Maringá;Crescente/Decrescente;180,9;-23,431714;-51,88725;181,3;-23,433725;-51,884294
EPR PARANÁ;2019;BR-376/PR;Maringá;Crescente/Decrescente;159,228;-23,36525;-52,077358;171,6;-23,409533;-51,987769
EPR PARANÁ;2019;323/PR;Maringá;Crescente/Decrescente;145,97;-23,446489;-51,9845;148,882;-23,453475;-52,010942
EPR PARANÁ;2019;BR-376/PR;Loanda;Crescente/Decrescente;46,211;-22,880478;-52,946736;54,106;-22,916808;-52,880939
EPR PARANÁ;2019;BR-369/PR;Londrina;Crescente/Decrescente;143,101;-23,292681;-51,092425;157,945;-23,285408;-51,235044
EPR PARANÁ;2019;182/PR;Itaúna do Sul;Crescente/Decrescente;11,651;-22,690067;-52,871575;26,65;-22,742611;-52,956506
EPR PARANÁ;2019;323/PR;Jussara;Crescente/Decrescente;191,344;-23,599097;-52,369878;207,357;-23,656525;-52,506778
EPR PARANÁ;2019;897/PR;Marialva;Crescente/Decrescente;0;-23,472056;-51,819992;7,47;-23,499672;-51,770608
EPR PARANÁ;2019;BR-376/PR;Marialva;Crescente/Decrescente;185,401;-23,453503;-51,850311;189,1;-23,472056;-51,819992
EPR PARANÁ;2019;BR-376/PR;Marialva;Crescente/Decrescente;195,401;-23,499672;-51,770608;200,3;-23,510225;-51,718097
EPR PARANÁ;2019;BR-376/PR;Mandaguaçu;Crescente/Decrescente;149,628;-23,300853;-52,113539;159,227;-23,36525;-52,077358
EPR PARANÁ;2019;BR-376/PR;Mandaguari;Crescente/Decrescente;200,301;-23,510225;-51,718097;200,4;-23,510339;-51,717156
EPR PARANÁ;2019;BR-369/PR;Jataizinho;Crescente/Decrescente;116,671;-23,282222;-50,865381;130,55;-23,258639;-50,986325
EPR PARANÁ;2019;Travessia Urbana BR-376/PR/PR;Mandaguari;Crescente/Decrescente;0;-23,511831;-51,703656;1,5;-23,510339;-51,717156
EPR PARANÁ;2019;444/PR;Mandaguari;Crescente/Decrescente;27,317;-23,484664;-51,615544;38,78;-23,511831;-51,703656
EPR PARANÁ;2019;BR-376/PR;Sarandi;Crescente/Decrescente;181,301;-23,433725;-51,884294;185,4;-23,453503;-51,850311
EPR PARANÁ;2019;323/PR;Tuneiras do Oeste;Crescente/Decrescente;233,929;-23,731336;-52,736464;242,077;-23,755692;-52,80885
EPR PARANÁ;2019;323/PR;Umuarama;Crescente/Decrescente;283,797;-23,771639;-53,167044;307,9;-23,838067;-53,359878
EPR PARANÁ;2019;BR-369/PR;Uraí;Crescente/Decrescente;101,671;-23,247028;-50,7284;116,67;-23,282222;-50,865381
EPR PARANÁ;2019;323/PR;Terra Boa;Crescente/Decrescente;183,2;-23,575153;-52,3035;191,343;-23,599097;-52,369878
EPR PARANÁ;2019;BR-272/PR;Terra Roxa;Crescente/Decrescente;541,801;-24,073292;-53,991139;560,65;-24,082281;-54,167142
EPR PARANÁ;2019;986/PR;Rolândia;Crescente/Decrescente;0,801;-23,301967;-51,326172;9,9;-23,348958;-51,385547
EPR PARANÁ;2019;BR-369/PR;Rolândia;Crescente/Decrescente;178,701;-23,348958;-51,385547;180,45;-23,359617;-51,397769
EPR PARANÁ;2019;BR-376/PR;Nova Esperança;Crescente/Decrescente;128,901;-23,171475;-52,24365;140,331;-23,242808;-52,1709
EPR PARANÁ;2019;BR-376/PR;Paranavaí;Crescente/Decrescente;83,746;-22,972819;-52,616261;111,803;-23,091117;-52,389806
EPR PARANÁ;2019;BR-376/PR;Presidente Castelo Branco;Crescente/Decrescente;140,332;-23,242808;-52,1709;149,627;-23,300853;-52,113539
EPR PARANÁ;2019;323/PR;Tapejara;Crescente/Decrescente;242,078;-23,755692;-52,80885;260,312;-23,758914;-52,968219
EPR PARANÁ;2019;BR-369/PR;Cambé;Crescente/Decrescente;157,946;-23,285408;-51,235044;167,8;-23,2976;-51,32015
EPR PARANÁ;2019;986/PR;Cambé;Crescente/Decrescente;0;-23,2976;-51,320164;0,8;-23,301967;-51,326172
EPR PARANÁ;2019;444/PR;Apucarana;Crescente/Decrescente;19,316;-23,452347;-51,556889;26,85;-23,484794;-51,610428
EPR PARANÁ;2019;444/PR;Arapongas;Crescente/Decrescente;0;-23,374022;-51,413181;19,315;-23,452347;-51,556889
EPR PARANÁ;2019;BR-369/PR;Arapongas;Crescente/Decrescente;180,451;-23,359617;-51,397769;182,7;-23,374022;-51,413181
EPR PARANÁ;2019;BR-376/PR;Alto Paraná;Crescente/Decrescente;111,804;-23,091117;-52,389806;128,9;-23,171475;-52,24365
EPR PARANÁ;2019;323/PR;Cafezal do Sul;Crescente/Decrescente;326,641;-23,897494;-53,5108;339,41;-23,95785;-53,612572
EPR PARANÁ;2019;323/PR;Doutor Camargo;Crescente/Decrescente;168,284;-23,513997;-52,182861;183,199;-23,575153;-52,3035
EPR PARANÁ;2019;182/PR;Diamante do Norte;Crescente/Decrescente;0;-22,598428;-52,874653;11,65;-22,690067;-52,871575
EPR PARANÁ;2019;BR-272/PR;Guaíra;Crescente/Decrescente;560,651;-24,082281;-54,167142;571,4;-24,105522;-54,263492
EPR PARANÁ;2019;BR-376/PR;Guairaçá;Crescente/Decrescente;54,107;-22,916808;-52,880939;83,745;-22,972819;-52,616261
EPR PARANÁ;2019;862/PR;Ibiporã;Crescente/Decrescente;0;-23,260678;-51,012078;12,64;-23,292669;-51,094775
EPR PARANÁ;2019;BR-369/PR;Ibiporã;Crescente/Decrescente;130,551;-23,258639;-50,986325;133,35;-23,260678;-51,012078
EPR PARANÁ;2019;BR-369/PR;Ibiporã;Crescente/Decrescente;143,07;-23,292722;-51,094761;143,1;-23,292681;-51,092425
EPR PARANÁ;2019;272/PR;Iporã;Crescente/Decrescente;505,811;-24,006589;-53,697433;517;-24,053678;-53,793525
EPR PARANÁ;2019;323/PR;Iporã;Crescente/Decrescente;339,411;-23,95785;-53,612572;349,75;-24,006589;-53,697433
EPR PARANÁ;2019;272/PR;Francisco Alves;Crescente/Decrescente;517,001;-24,053678;-53,793525;521,9;-24,063881;-53,839756
EPR PARANÁ;2019;BR-272/PR;Francisco Alves;Crescente/Decrescente;526,101;-24,063881;-53,839756;541,8;-24,073292;-53,991139
EPR PARANÁ;2019;323/PR;Cianorte;Crescente/Decrescente;207,358;-23,656525;-52,506778;233,928;-23,731336;-52,736464
EPR PARANÁ;2019;444/PR;Cambira;Crescente/Decrescente;26,851;-23,484794;-51,610428;27,316;-23,484664;-51,615544
EPR PARANÁ;2019;BR-369/PR;Cornélio Procópio;Crescente/Decrescente;88,41;-23,182733;-50,634917;101,67;-23,247028;-50,7284
EPR PARANÁ;2019;323/PR;Cruzeiro do Oeste;Crescente/Decrescente;260,313;-23,758914;-52,968219;283,796;-23,771639;-53,167044
LITORAL PIONEIRO;2019;151/PR;Castro;Crescente/Decrescente;266,531;-24,611078;-49,95775;298,05;-24,868387;-50,038066
LITORAL PIONEIRO;2019;BR-369/PR;Cornélio Procópio;Crescente/Decrescente;80,741;-23,144772;-50,590156;88,2;-23,182722;-50,634972
LITORAL PIONEIRO;2019;BR-369/PR;Cornélio Procópio;Crescente/Decrescente;88,201;-23,182722;-50,634972;88,409;-23,182878;-50,634709
LITORAL PIONEIRO;2019;BR-277/PR;Curitiba;Crescente/Decrescente;77,421;-25,483964;-49,189831;83,91;-25,443636;-49,234536
LITORAL PIONEIRO;2019;092/PR;Guapirama;Crescente/Decrescente;314,691;-23,447033;-50,006764;315;-23,444694;-50,008378
LITORAL PIONEIRO;2019;BR-369/PR;Cambará;Crescente/Decrescente;7,901;-23,001308;-49,972394;34,17;-23,028494;-50,209853
LITORAL PIONEIRO;2019;855/PR;Bandeirantes;Crescente/Decrescente;0;-23,110833;-50,335;8,06;-23,136528;-50,403611
LITORAL PIONEIRO;2019;BR-369/PR;Bandeirantes;Crescente/Decrescente;44,591;-23,089019;-50,285381;51,8;-23,110583;-50,334528
LITORAL PIONEIRO;2019;BR-369/PR;Bandeirantes;Crescente/Decrescente;60,9;-23,136083;-50,403889;65,48;-23,127672;-50,454767
LITORAL PIONEIRO;2019;092/PR;Arapoti;Crescente/Decrescente;206,671;-24,212622;-49,77655;239,12;-23,981769;-49,811169
LITORAL PIONEIRO;2019;151/PR;Carambeí;Crescente/Decrescente;298,051;-24,868387;-50,038066;317,13;-25,008883;-50,141856
LITORAL PIONEIRO;2019;BR-369/PR;Andirá;Crescente/Decrescente;34,171;-23,028494;-50,209853;44,59;-23,089019;-50,285381
LITORAL PIONEIRO;2019;408/PR;Antonina;Crescente/Decrescente;0;-25,438486;-48,752458;7,03;-25,456117;-48,808939
LITORAL PIONEIRO;2019;BR-277/PR;Piraquara;Crescente/Decrescente;61,471;-25,547597;-49,047275;62,2;-25,544731;-49,053772
LITORAL PIONEIRO;2019;BR-277/PR;Piraquara;Crescente/Decrescente;63,501;-25,539422;-49,065436;64,72;-25,534317;-49,076494
LITORAL PIONEIRO;2019;151/PR;Ponta Grossa;Crescente/Decrescente;317,131;-25,008883;-50,141856;319,71;-25,026;-50,157219
LITORAL PIONEIRO;2019;508/PR;Pontal do Paraná;Crescente/Decrescente;15,521;-25,702017;-48,57265;16,87;-25,713042;-48,577925
LITORAL PIONEIRO;2019;508/PR;Pontal do Paraná;Crescente/Decrescente;14,471;-25,692592;-48,574203;15,41;-25,701028;-48,57265
LITORAL PIONEIRO;2019;407/PR;Pontal do Paraná;Crescente/Decrescente;14,201;-25,672017;-48,512936;18,85;-25,697297;-48,476083
LITORAL PIONEIRO;2019;508/PR;Pontal do Paraná;Crescente/Decrescente;11,101;-25,663389;-48,583319;13,01;-25,679861;-48,577367
LITORAL PIONEIRO;2019;092/PR;Santo Antônio da Platina;Crescente/Decrescente;315,001;-23,444694;-50,008378;324,2;-23,384806;-50,059861
LITORAL PIONEIRO;2019;092/PR;Santo Antônio da Platina;Crescente/Decrescente;324,201;-23,384806;-50,059861;327,238;-23,384819;-50,060079
LITORAL PIONEIRO;2019;BR-153/PR;Santo Antônio da Platina;Crescente/Decrescente;29,301;-23,217947;-50,007461;52,5;-23,384833;-50,060111
LITORAL PIONEIRO;2019;092/PR;Quatiguá;Crescente/Decrescente;292,611;-23,580603;-49,869928;298,3;-23,545269;-49,912492
LITORAL PIONEIRO;2019;092/PR;Wenceslau Braz;Crescente/Decrescente;239,121;-23,981769;-49,811169;270,25;-23,736381;-49,781786
LITORAL PIONEIRO;2019;239/PR;Sengés;Crescente/Decrescente;0;-24,116369;-49,369153;12,48;-24,114198;-49,47285
LITORAL PIONEIRO;2019;151/PR;Sengés;Crescente/Decrescente;176,49;-24,112231;-49,470711;195,95;-24,178918;-49,615655
LITORAL PIONEIRO;2019;BR-369/PR;Santa Mariana;Crescente/Decrescente;65,481;-23,127672;-50,454767;80,74;-23,144772;-50,590156
LITORAL PIONEIRO;2019;092/PR;Siqueira Campos;Crescente/Decrescente;270,251;-23,736381;-49,781786;292,61;-23,580603;-49,869928
LITORAL PIONEIRO;2019;BR-277/PR;São José dos Pinhais;Crescente/Decrescente;62,201;-25,544731;-49,053772;63,5;-25,539422;-49,065436
LITORAL PIONEIRO;2019;BR-277/PR;São José dos Pinhais;Crescente/Decrescente;49,551;-25,589017;-48,939847;61,47;-25,547597;-49,047275
LITORAL PIONEIRO;2019;BR-277/PR;São José dos Pinhais;Crescente/Decrescente;64,721;-25,534317;-49,076494;77,42;-25,483964;-49,189831
LITORAL PIONEIRO;2019;092/PR;Joaquim Távora;Crescente/Decrescente;298,301;-23,545269;-49,912492;314,69;-23,447033;-50,006764
LITORAL PIONEIRO;2019;BR-369/PR;Jacarezinho;Crescente/Decrescente;1;-23,002972;-49,908333;7,9;-23,001308;-49,97239
LITORAL PIONEIRO;2019;BR-153/PR;Jacarezinho;Crescente/Decrescente;0;-22,998467;-49,905739;29,3;-23,217947;-50,007461
LITORAL PIONEIRO;2019;092/PR;Jaguariaíva;Crescente/Decrescente;199,5;-24,271333;-49,73575;206,67;-24,212622;-49,77655
LITORAL PIONEIRO;2019;151/PR;Jaguariaíva;Crescente/Decrescente;195,951;-24,178918;-49,615655;235,15;-24,387267;-49,852394
LITORAL PIONEIRO;2019;508/PR;Matinhos;Crescente/Decrescente;19,581;-25,734006;-48,591814;31,21;-25,816767;-48,538267
LITORAL PIONEIRO;2019;BR-277/PR;Morretes;Crescente/Decrescente;18,121;-25,540819;-48,689392;49,55;-25,589017;-48,939847
LITORAL PIONEIRO;2019;804/PR;Morretes;Crescente/Decrescente;0;-25,547269;-48,790481;2,716;-25,523992;-48,795994
LITORAL PIONEIRO;2019;408/PR;Morretes;Crescente/Decrescente;7,031;-25,456117;-48,808939;9,7;-25,469428;-48,828567
LITORAL PIONEIRO;2019;408/PR;Morretes;Crescente/Decrescente;11,24;-25,482283;-48,829369;22,99;-25,529042;-48,74405
LITORAL PIONEIRO;2019;411/PR;Morretes;Crescente/Decrescente;1,07;-25,475786;-48,835611;14,11;-25,388503;-48,860483
LITORAL PIONEIRO;2019;151/PR;Piraí do Sul;Crescente/Decrescente;235,151;-24,387267;-49,852394;266,53;-24,611078;-49,95775
LITORAL PIONEIRO;2019;BR-277/PR;Paranaguá;Crescente/Decrescente;0;-25,520397;-48,544419;18,12;-25,540819;-48,689392
LITORAL PIONEIRO;2019;508/PR;Paranaguá;Crescente/Decrescente;16,871;-25,713042;-48,577925;19,58;-25,734006;-48,591814
LITORAL PIONEIRO;2019;508/PR;Paranaguá;Crescente/Decrescente;0;-25,568131;-48,615247;11,1;-25,663389;-48,583319
LITORAL PIONEIRO;2019;407/PR;Paranaguá;Crescente/Decrescente;0;-25,560739;-48,582211;14,2;-25,672017;-48,512936
LITORAL PIONEIRO;2019;Acesso BR-277 1/PR;Paranaguá;Crescente/Decrescente;0;-25,520397;-48,544419;2,9;-25,503642;-48,522603
LITORAL PIONEIRO;2019;Acesso BR-277 2/PR;Paranaguá;Crescente/Decrescente;0;-25,556667;-48,564972;8,1;-25,504525;-48,514617
LITORAL PIONEIRO;2019;508/PR;Paranaguá;Crescente/Decrescente;13,011;-25,679861;-48,577367;14,47;-25,692592;-48,574203
LITORAL PIONEIRO;2019;508/PR;Paranaguá;Crescente/Decrescente;15,411;-25,701028;-48,57265;15,52;-25,702017;-48,57265
NOVA 364;2021;BR-364/RO;Alto Paraíso;Crescente;540,001;-9,726604;-63,117993;563;-9,692432;-63,107759
NOVA 364;2021;BR-364/RO;Ariquemes;Crescente/Decrescente;464,001;-10,22939;-62,754633;540;-9,726604;-63,117993
NOVA 364;2021;BR-364/RO;Cacaulândia;Crescente/Decrescente;435,001;-10,384335;-62,547027;452;-10,288981;-62,668305
NOVA 364;2021;BR-364/RO;Cacoal;Crescente/Decrescente;225,001;-12,087337;-60,755631;276;-11,387976;-61,767958
NOVA 364;2021;BR-364/RO;Candeias do Jamari;Crescente/Decrescente;641,001;-9,006399;-63,421302;688;-8,774314;-63,484279
NOVA 364;2021;BR-364/RO;Chupinguaia;Crescente/Decrescente;101,001;-12,264494;-60,644601;114;-12,174661;-60,711623
NOVA 364;2021;BR-364/RO;Cujubim;Crescente/Decrescente;563,001;-9,3418;-63,076884;604;-9,196574;-63,184474
NOVA 364;2021;BR-364/RO;Itapuã do Oeste;Crescente/Decrescente;604,001;-9,196574;-63,184474;641;-9,006399;-63,421302
NOVA 364;2021;BR-364/RO;Jaru;Crescente/Decrescente;402,001;-10,589412;-62,354962;435;-10,384335;-62,547027
NOVA 364;2021;Contorno Ji-Paraná/RO;Ji-Paraná;Crescente/Decrescente;0;-11,00988;-61,922177;13,6;-10,775281;-62,084143
NOVA 364;2021;BR-364/RO;Ouro Preto do Oeste;Crescente/Decrescente;363,001;-10,775281;-62,084143;402;-10,589412;-62,354962
NOVA 364;2021;BR-364/RO;Pimenta Bueno;Crescente/Decrescente;114,001;-12,174661;-60,711623;225;-12,087337;-60,755631
NOVA 364;2021;BR-364/RO;Porto Velho;Crescente/Decrescente;688,001;-8,774314;-63,484279;705;-8,800264;-63,812691
NOVA 364;2021;BR-364/RO;Porto Velho;Crescente/Decrescente;705,01;-8,800381;-63,812865;713,6;-8,771176;-63,883098
NOVA 364;2021;BR-364/RO;Presidente Médici;Crescente/Decrescente;276,001;-11,387976;-61,767958;327;-11,00988;-61,922177
NOVA 364;2021;BR-364/RO;Rio Crespo;Decrescente;544,001;-9,692432;-63,107759;560;-9,53418;-63,076884
NOVA 364;2021;BR-364/RO;Theobroma;Crescente/Decrescente;452,001;-10,288981;-62,668305;464;-10,22939;-62,754633
NOVA 364;2021;BR-364/RO;Vilhena;Crescente/Decrescente;27,601;-12,722564;-60,262543;101;-12,264494;-60,644601
NOVA 381;2022;BR-381/MG;Antônio Dias;Crescente/Decrescente;265,951;-19,53139;-42,672309;267,75;-19,539044;-42,684258
NOVA 381;2022;BR-381/MG;Antônio Dias;Crescente/Decrescente;282,351;-19,616747;-42,782197;309,65;-19,670017;-42,970286
NOVA 381;2022;BR-381/MG;Barão de Cocais;Crescente/Decrescente;380,701;-19,816266;-43,396009;385,97;-19,787066;-43,430389
NOVA 381;2022;BR-381/MG;Bom Jesus do Amparo;Crescente/Decrescente;385,971;-19,787066;-43,430389;401,06;-19,75238;-43,538141
NOVA 381;2022;BR-381/MG;Belo Oriente;Crescente/Decrescente;208,551;-19,231296;-42,327764;228,55;-19,357371;-42,43655
NOVA 381;2022;BR-381/MG;Bela Vista de Minas;Crescente/Decrescente;331,901;-19,806995;-43,064285;339,25;-19,843952;-43,104454
NOVA 381;2022;BR-381/MG;Belo Horizonte;Crescente/Decrescente;446,851;-19,841717;-43,86806;450,4;-19,854326;-43,890838
NOVA 381;2022;BR-381/MG;Ipatinga;Crescente/Decrescente;244,501;-19,458644;-42,525347;252,95;-19,513615;-42,57628
NOVA 381;2022;BR-381/MG;Jaguaraçu;Crescente/Decrescente;268,001;-19,54036;-42,686153;282,35;-19,616747;-42,782197
NOVA 381;2022;BR-381/MG;João Monlevade;Crescente/Decrescente;339,251;-19,843952;-43,104454;355,3;-19,85092;-43,217275
NOVA 381;2022;BR-381/MG;Caeté;Crescente/Decrescente;410,241;-19,737358;-43,602699;423,3;-19,786488;-43,688558
NOVA 381;2022;BR-381/MG;Coronel Fabriciano;Crescente/Decrescente;263,701;-19,523791;-42,654081;265,95;-19,53139;-42,672309
NOVA 381;2022;BR-381/MG;Coronel Fabriciano;Crescente/Decrescente;252,951;-19,513615;-42,57628;257,55;-19,531772;-42,601739
NOVA 381;2022;BR-381/MG;Governador Valadares;Crescente/Decrescente;146,9;-18,84617;-41,980698;177,585;-19,038288;-42,148048
NOVA 381;2022;BR-381/MG;Naque;Crescente/Decrescente;196,901;-19,169102;-42,24734;208,55;-19,231296;-42,327764
NOVA 381;2022;BR-381/MG;Nova Era;Crescente/Decrescente;309,651;-19,670017;-42,970286;331,9;-19,806995;-43,064285
NOVA 381;2022;BR-381/MG;Periquito;Crescente/Decrescente;177,586;-19,038288;-42,148048;196,9;-19,169102;-42,24734
NOVA 381;2022;BR-381/MG;Nova União;Crescente/Decrescente;401,061;-19,75238;-43,538141;410,24;-19,737358;-43,602699
NOVA 381;2022;BR-381/MG;Timóteo;Crescente/Decrescente;257,551;-19,531772;-42,601739;263,7;-19,523791;-42,654081
NOVA 381;2022;BR-381/MG;Timóteo;Crescente/Decrescente;267,751;-19,539044;-42,684258;268;-19,54036;-42,686153
NOVA 381;2022;BR-381/MG;São Gonçalo do Rio Abaixo;Crescente/Decrescente;355,301;-19,85092;-43,217275;380,7;-19,816266;-43,396009
NOVA 381;2022;BR-381/MG;Santa Luzia;Crescente/Decrescente;435,081;-19,809424;-43,774901;442,55;-19,826776;-43,836768
NOVA 381;2022;BR-381/MG;Santana do Paraíso;Crescente/Decrescente;228,551;-19,357371;-42,43655;244,5;-19,458644;-42,525347
NOVA 381;2022;BR-381/MG;Sabará;Crescente/Decrescente;442,551;-19,826776;-43,836768;446,85;-19,841717;-43,86806
NOVA 381;2022;BR-381/MG;Sabará;Crescente/Decrescente;423,301;-19,786488;-43,688558;435,08;-19,809424;-43,774901
PANTANAL;2014;BR-163/MS;Bandeirantes;Crescente;534,796;-20,032631;-54,409066;539,188;-19,996122;-54,393095
PANTANAL;2014;BR-163/MS;Bandeirantes;Crescente/Decrescente;539,189;-19,996095;-54,393089;587,434;-19,586423;-54,40559
PANTANAL;2014;BR-163/MS;Bandeirantes;Decrescente;587,435;-19,586382;-54,405601;592,388;-19,550006;-54,433025
PANTANAL;2014;BR-163/MS;Caarapó;Crescente/Decrescente;187,882;-22,796553;-54,743776;239,145;-22,398444;-54,791783
PANTANAL;2014;BR-163/MS;Camapuã;Crescente;587,435;-19,586373;-54,405589;592,388;-19,550017;-54,433008
PANTANAL;2014;BR-163/MS;Campo Grande;Crescente/Decrescente;419,632;-20,994425;-54,506873;501,579;-20,310673;-54,509973
PANTANAL;2014;BR-163/MS;Coxim;Decrescente;722,064;-18,571903;-54,76132;727,56;-18,527437;-54,740476
PANTANAL;2014;BR-163/MS;Coxim;Crescente/Decrescente;727,561;-18,527194;-54,740396;767,675;-18,185675;-54,654626
PANTANAL;2014;BR-163/MS;Coxim;Decrescente;767,676;-18,185645;-54,654628;799,813;-17,914565;-54,68968
PANTANAL;2014;BR-163/MS;Douradina;Decrescente;283,001;-22,116457;-54,592096;283,572;-22,116496;-54,592116
PANTANAL;2014;BR-163/MS;Douradina;Crescente/Decrescente;283,573;-22,11648;-54,592087;307,961;-21,911141;-54,534027
PANTANAL;2014;BR-163/MS;Dourados;Crescente/Decrescente;239,146;-22,398423;-54,791778;283;-22,119797;-54,596348
PANTANAL;2014;BR-163/MS;Dourados;Crescente;283,001;-22,119791;-54,596334;283,572;-22,116476;-54,592111
PANTANAL;2014;BR-163/MS;Eldorado;Crescente/Decrescente;31,472;-23,837673;-54,334363;65,495;-23,583997;-54,202711
PANTANAL;2014;BR-163/MS;Itaquiraí;Crescente/Decrescente;65,496;-23,583982;-54,202697;117,007;-23,134296;-54,197075
PANTANAL;2014;BR-163/MS;Jaraguari;Crescente/Decrescente;501,58;-20,310647;-54,509966;534,795;-20,032685;-54,409078
PANTANAL;2014;BR-163/MS;Juti;Crescente/Decrescente;150,597;-22,959814;-54,434196;187,881;-22,796573;-54,743765
PANTANAL;2014;BR-163/MS;Mundo Novo;Crescente/Decrescente;0;-24,044464;-54,272225;31,471;-23,837694;-54,33438
PANTANAL;2014;BR-163/MS;Naviraí;Crescente/Decrescente;117,008;-23,134288;-54,197081;150,596;-22,959823;-54,434175
PANTANAL;2014;BR-163/MS;Nova Alvorada do Sul;Crescente/Decrescente;351,614;-21,577723;-54,42472;405,088;-21,122929;-54,481914
PANTANAL;2014;BR-163/MS;Nova Alvorada do Sul;Crescente;405,089;-21,1229;-54,481935;419,631;-20,99446;-54,506882
PANTANAL;2014;BR-163/MS;Pedro Gomes;Crescente;767,676;-18,185645;-54,654631;821,763;-17,731877;-54,757603
PANTANAL;2014;BR-163/MS;Rio Brilhante;Crescente/Decrescente;307,962;-21,911114;-54,534018;351,613;-21,577745;-54,424741
PANTANAL;2014;BR-163/MS;Rio Verde de Mato Grosso;Crescente/Decrescente;649,192;-19,161001;-54,760011;722,063;-18,571931;-54,76135
PANTANAL;2014;BR-163/MS;Rio Verde de Mato Grosso;Crescente;722,064;-18,571893;-54,76129;727,56;-18,527291;-54,74041
PANTANAL;2014;BR-163/MS;Rochedo;Decrescente;534,796;-20,032661;-54,409067;539,188;-19,996108;-54,393094
PANTANAL;2014;BR-163/MS;São Gabriel do Oeste;Crescente/Decrescente;592,389;-19,549984;-54,433032;649,191;-19,161054;-54,760007
PANTANAL;2014;BR-163/MS;Sidrolândia;Decrescente;405,089;-21,122878;-54,481938;419,631;-20,994471;-54,506897
PANTANAL;2014;BR-163/MS;Sonora;Decrescente;799,814;-17,914553;-54,689681;821,763;-17,7318;-54,757598
PANTANAL;2014;BR-163/MS;Sonora;Crescente/Decrescente;821,764;-17,731737;-54,757547;845,34;-17,521115;-54,739851
PANTANAL;2014;BR-163/MS;Sonora;Crescente/Decrescente;845,341;-17,521025;-54,740482;846;-17,521035;-54,739899
PRVIAS;2023;BR-376/PR;Palmeira;Crescente/Decrescente;524,671;-25,2993;-49,8919;545,9;-25,44;-49,7498
PRVIAS;2023;BR-376/PR;Ortigueira;Crescente/Decrescente;310,001;-23,9783;-51,0938;316,745;-24,0266;-51,0973
PRVIAS;2023;BR-376/PR;Ortigueira;Crescente/Decrescente;317,101;-24,0304;-51,097;372,23;-24,3768;-50,7932
PRVIAS;2023;445/PR;Mauá da Serra;Crescente/Decrescente;0;-23,9075;-51,1926;2,84;-23,8859;-51,1793
PRVIAS;2023;BR-376/PR;Mauá da Serra;Crescente/Decrescente;281,281;-23,8464;-51,2561;310;-23,9783;-51,0938
PRVIAS;2023;BR-376/PR;Jandaia do Sul;Crescente/Decrescente;212;-23,5776;-51,6527;215,899;-23,5882;-51,6456
PRVIAS;2023;BR-376/PR;Jandaia do Sul;Crescente/Decrescente;215,9;-23,5882;-51,6456;221,1;-23,596;-51,61
PRVIAS;2023;445/PR;Londrina;Crescente/Decrescente;78,999;-23,3119;-51,2164;26,88;-23,7047;-51,1208
PRVIAS;2023;445/PR;Londrina;Crescente/Decrescente;24,429;-23,7187;-51,1243;18,13;-23,7662;-51,1464
PRVIAS;2023;445/PR;Londrina;Crescente/Decrescente;83,899;-23,2764;-51,2403;82,9;-23,2829;-51,235
PRVIAS;2023;445/PR;Londrina;Crescente/Decrescente;95,8;-23,1899;-51,2068;95,6;-23,1912;-51,2074
PRVIAS;2023;323/PR;Londrina;Crescente/Decrescente;56,101;-23,1802;-51,1704;60,64;-23,1899;-51,2068
PRVIAS;2023;BR-376/PR;Mandaguari;Crescente/Decrescente;8,6;-23,5501;-51,6674;10;-23,5612;-51,6616
PRVIAS;2023;BR-376/PR;Mandaguari;Crescente/Decrescente;200,4;-23,5105;-51,7175;211,999;-23,5776;-51,6527
PRVIAS;2023;BR-376/PR;Marilândia do Sul;Crescente/Decrescente;262,681;-23,7085;-51,3226;281,28;-23,8464;-51,2561
PRVIAS;2023;445/PR;Marilândia do Sul;Crescente/Decrescente;18,129;-23,7662;-51,1464;14,95;-23,7918;-51,1583
PRVIAS;2023;445/PR;Tamarana;Crescente/Decrescente;14,949;-23,7918;-51,1583;2,85;-23,8859;-51,1793
PRVIAS;2023;445/PR;Tamarana;Crescente/Decrescente;26,879;-23,7047;-51,1208;24,43;-23,7187;-51,1243
PRVIAS;2023;323/PR;Sertaneja;Crescente/Decrescente;0;-22,9023;-50,795;20;-22,9665;-50,9511
PRVIAS;2023;323/PR;Sertanópolis;Crescente/Decrescente;20,001;-22,9665;-50,9511;56,1;-23,1802;-51,1704
PRVIAS;2023;90/PR;Sertanópolis;Crescente/Decrescente;393,521;-23,136198;-51,013037;404,79;-23,056236;-51,052295
PRVIAS;2023;BR-376/PR;Tibagi;Crescente/Decrescente;436,331;-24,8245;-50,48;454,7;-24,9567;-50,3918
PRVIAS;2023;BR-376/PR;Tibagi;Crescente/Decrescente;392,841;-24,5304;-50,6979;435;-24,8146;-50,4874
PRVIAS;2023;BR-373/PR;Ponta Grossa;Crescente/Decrescente;171,9;-25,081623;-50,191027;183,4;-25,040805;-50,280409
PRVIAS;2023;373/PR;Ponta Grossa;Crescente/Decrescente;164;-25,023;-50,1498;171,9;-25,0826;-50,188
PRVIAS;2023;BR-376/PR;Ponta Grossa;Crescente/Decrescente;454,701;-24,9567;-50,3918;524,67;-25,2993;-49,8919
PRVIAS;2023;170/PR;Apucarana;Crescente/Decrescente;108,36;-23,5234;-51,444;120,01;-23,5672;-51,5199
PRVIAS;2023;BR-369/PR;Apucarana;Crescente/Decrescente;197,951;-23,5084;-51,4259;200,8;-23,5234;-51,444
PRVIAS;2023;BR-376/PR;Apucarana;Crescente/Decrescente;221,101;-23,596;-51,61;230,099;-23,5673;-51,52
PRVIAS;2023;BR-376/PR;Apucarana;Crescente/Decrescente;230,1;-23,5673;-51,52;250,25;-23,624;-51,385
PRVIAS;2023;445/PR;Cambé;Crescente/Decrescente;95,599;-23,1912;-51,2074;83,9;-23,2764;-51,2403
PRVIAS;2023;445/PR;Cambé;Crescente/Decrescente;82,899;-23,2829;-51,235;79;-23,3119;-51,2164
PRVIAS;2023;BR-369/PR;Arapongas;Crescente/Decrescente;182,7;-23,3741;-51,4132;197,95;-23,5084;-51,4259
PRVIAS;2023;BR-376/PR;Califórnia;Crescente/Decrescente;250,251;-23,624;-51,385;262,68;-23,7085;-51,3226
PRVIAS;2023;BR-376/PR;Balsa Nova;Crescente/Decrescente;545,901;-25,44;-49,7498;549,3;-25,464308;-49,728819
PRVIAS;2023;BR-376/PR;Faxinal;Crescente/Decrescente;316,746;-24,0266;-51,0973;317,1;-24,0304;-51,097
PRVIAS;2023;BR-376/PR;Ipiranga;Crescente/Decrescente;435,001;-24,8146;-50,4874;436,33;-24,8245;-50,48
PRVIAS;2023;90/PR;Ibiporã;Crescente/Decrescente;377,51;-23,250044;-51,0473;393,52;-23,136198;-51,013037
PRVIAS;2023;BR-376/PR;Imbaú;Crescente/Decrescente;372,231;-24,3768;-50,7932;392,84;-24,5304;-50,6979
PRVIAS;2023;BR-376/PR;Cambira;Crescente/Decrescente;4,401;-23,596;-51,61;5,2;-23,6;-51,6032
RIOSP;2000;BR-101/SP;Ubatuba;Crescente/Decrescente;0;-23,349941;-44,757715;52,59;-23,466783;-45,062783
RIOSP;2000;BR-116/SP;Taubaté;Crescente/Decrescente;103,041;-22,999361;-45,498514;119,37;-23,068156;-45,6381
RIOSP;2000;BR-116/SP;Queluz;Crescente/Decrescente;0;-22,513769;-44,699631;15,18;-22,559903;-44,831806
RIOSP;2000;BR-116/SP;Silveiras;Crescente/Decrescente;25,501;-22,609739;-44,897711;28,05;-22,624308;-44,912283
RIOSP;2000;BR-116/SP;Roseira;Crescente/Decrescente;75,701;-22,876025;-45,269328;83,85;-22,916881;-45,334383
RIOSP;2000;Faixa ônibus km 150,5/SP;São José dos Campos;Decrescente;150,34;-23,214623;-45,894192;150,65;-23,216354;-45,896042
RIOSP;2000;BR-116/SP;São José dos Campos;Crescente/Decrescente;134,061;-23,137525;-45,756664;157,72;-23,258036;-45,947781
RIOSP;2000;Acesso km 145,4/SP;São José dos Campos;Crescente;145,28;-23,186456;-45,854642;145,47;-23,187229;-45,856135
RIOSP;2000;Saída km 149,6/SP;São José dos Campos;Decrescente;149,2;-23,208165;-45,887263;149,6;-23,210729;-45,889994
RIOSP;2000;Saída km 149,6/SP;São José dos Campos;Crescente;149,6;-23,207572;-45,887411;149,8;-23,209103;-45,888955
RIOSP;2000;Saída km 150,5/SP;São José dos Campos;Crescente;150,3;-23,213349;-45,893573;150,6;-23,21521;-45,895561
RIOSP;2000;BR-116/SP;São Paulo;Crescente/Decrescente;226,751;-23,500058;-46,562069;231,947;-23,530292;-46,590363
RIOSP;2000;Faixa de Ônibus km 227,7/SP;São Paulo;Crescente;227,434;-23,501371;-46,564573;227,857;-23,50313;-46,567123
RIOSP;2000;Saída km 227,7 (Fernão Dias)/SP;São Paulo;Decrescente;227,404;-23,501725;-46,563886;228,007;-23,504792;-46,568057
RIOSP;2000;BR-116/SP;Santa Isabel;Crescente/Decrescente;181,592;-23,342633;-46,157531;194,982;-23,388336;-46,274919
RIOSP;2000;Acesso km 166,3/RJ;Rio de Janeiro;Crescente;172,113;-22,803113;-43,347808;172,269;-22,802216;-43,349425
RIOSP;2000;BR-101/RJ;Rio de Janeiro;Crescente/Decrescente;380,8;-22,868859;-43,596703;395,689;-22,878085;-43,733869
RIOSP;2000;BR-116/RJ;Rio de Janeiro;Crescente/Decrescente;169;-22,817843;-43,321696;172,134;-22,803667;-43,347253
RIOSP;2000;Acesso km 205,6/RJ;Seropédica;Decrescente;211,784;-22,718492;-43,702587;211,424;-22,718813;-43,699481
RIOSP;2000;Acesso km 208,5/RJ;Seropédica;Decrescente;214,315;-22,715394;-43,724037;214,799;-22,714853;-43,727951
RIOSP;2000;BR-116/RJ;Seropédica;Crescente;217,377;-22,700653;-43,756411;204,911;-22,727631;-43,640528
RIOSP;2000;BR-116/RJ;Seropédica;Decrescente;215,467;-22,707156;-43,737967;204,911;-22,727622;-43,641553
RIOSP;2000;Saída km 205,6/RJ;Seropédica;Crescente;211,321;-22,718159;-43,702488;211,424;-22,718288;-43,701629
RIOSP;2000;Acesso km 209,1/RJ;Seropédica;Crescente;214,902;-22,711949;-43,735091;215,138;-22,709765;-43,736264
RIOSP;2000;BR-116/RJ;São João de Meriti;Crescente/Decrescente;172,135;-22,803667;-43,347253;178,041;-22,777367;-43,397967
RIOSP;2000;Saída 2 km 166,0/RJ;Rio de Janeiro;Decrescente;171,803;-22,805728;-43,344081;171,789;-22,80595;-43,343714
RIOSP;2000;Saída km 166,0/RJ;Rio de Janeiro;Decrescente;171,906;-22,80482;-43,345708;171,738;-22,805325;-43,344885
RIOSP;2000;BR-116/RJ;Pinheiral;Crescente;261,557;-22,585706;-44,055094;254,978;-22,581664;-43,995617
RIOSP;2000;BR-116/RJ;Piraí;Crescente;227,97;-22,65995;-43,828244;225,567;-22,674069;-43,817736
RIOSP;2000;BR-116/RJ;Piraí;Crescente;254,977;-22,581664;-43,995617;231,238;-22,653728;-43,836111
RIOSP;2000;BR-116/RJ;Piraí;Decrescente;264,557;-22,590311;-44,080922;225,434;-22,678006;-43,819458
RIOSP;2000;BR-116/RJ;Porto Real;Crescente/Decrescente;296,723;-22,452039;-44,30675;303,317;-22,453475;-44,369914
RIOSP;2000;Saída km 296,1/RJ;Porto Real;Crescente;301,814;-22,452088;-44,355331;302,045;-22,45214;-44,356314
RIOSP;2000;Acesso km 296,1/RJ;Porto Real;Crescente;302,045;-22,452368;-44,358452;302,657;-22,45278;-44,362912
RIOSP;2000;Saída km 190,3/RJ;Queimados;Crescente;195,808;-22,734556;-43,554774;196,2;-22,732609;-43,557459
RIOSP;2000;Saída km 190,3/RJ;Queimados;Decrescente;195,911;-22,733347;-43,556927;196,169;-22,732107;-43,55842
RIOSP;2000;BR-116/RJ;Queimados;Crescente/Decrescente;194,323;-22,736136;-43,542694;204,91;-22,727622;-43,641553
RIOSP;2000;Acesso km 190,3/RJ;Queimados;Decrescente;196,117;-22,734436;-43,555487;196,272;-22,733713;-43,556473
RIOSP;2000;BR-101/RJ;Paraty;Crescente/Decrescente;533,177;-23,024565;-44,537318;598,6;-23,349462;-44,756806
RIOSP;2000;BR-116/RJ;Resende;Crescente/Decrescente;303,318;-22,453475;-44,369914;315,69;-22,464917;-44,488733
RIOSP;2000;BR-116/RJ;Resende;Crescente/Decrescente;333,416;-22,494439;-44,647986;339,482;-22,513002;-44,698055
RIOSP;2000;BR-116/RJ;Paracambi;Decrescente;225,433;-22,678006;-43,819458;220,932;-22,692106;-43,785122
RIOSP;2000;BR-116/RJ;Paracambi;Crescente;231,237;-22,653728;-43,836111;227,971;-22,65995;-43,828244
RIOSP;2000;BR-116/RJ;Paracambi;Crescente;225,566;-22,674069;-43,817736;217,378;-22,700056;-43,754083
RIOSP;2000;Acesso km 174/RJ;Nova Iguaçu;Crescente;180,61;-22,764931;-43,415986;180,681;-22,764912;-43,415714
RIOSP;2000;Acesso km 174 (Amoedo)/RJ;Nova Iguaçu;Decrescente;180,743;-22,764969;-43,416551;180,195;-22,767284;-43,412324
RIOSP;2000;Acesso Marg. Km 178 (princ.)/RJ;Nova Iguaçu;Decrescente;183,633;-22,748754;-43,442958;183,805;-22,748121;-43,443811
RIOSP;2000;Acesso Marg. Km 178 (local)/RJ;Nova Iguaçu;Decrescente;183,633;-22,748343;-43,443701;183,929;-22,75103;-43,439799
RIOSP;2000;BR-101/RJ;Mangaratiba;Crescente/Decrescente;414,901;-22,906667;-43,889444;455,74;-23,032016;-44,165698
RIOSP;2000;BR-116/RJ;Mesquita;Decrescente;178,042;-22,777367;-43,397967;179,831;-22,768069;-43,410803
RIOSP;2000;Saída km 258,2/RJ;Volta Redonda;Crescente;263,74;-22,592696;-44,07372;264,189;-22,591743;-44,077656
RIOSP;2000;BR-116/RJ;Volta Redonda;Decrescente;264,558;-22,590311;-44,080922;265,951;-22,588275;-44,094658
RIOSP;2000;BR-116/RJ;Volta Redonda;Crescente;261,558;-22,590311;-44,080922;265,951;-22,588275;-44,094658
RIOSP;2000;BR-116/SP;Aparecida;Crescente/Decrescente;67,501;-22,8302;-45,212947;75,7;-22,876025;-45,269328
RIOSP;2000;Acesso km 71/SP;Aparecida;Crescente;71;-22,859505;-45,234264;71,34;-22,861828;-45,236356
RIOSP;2000;Saída km 71/SP;Aparecida;Decrescente;69,893;-22,85963;-45,234095;71;-22,860296;-45,234697
RIOSP;2000;BR-116/SP;Arujá;Crescente/Decrescente;194,983;-23,388336;-46,274919;205,545;-23,416172;-46,371394
RIOSP;2000;BR-116/SP;Caçapava;Crescente/Decrescente;119,371;-23,068156;-45,6381;134,06;-23,138389;-45,758544
RIOSP;2000;BR-116/SP;Cachoeira Paulista;Crescente/Decrescente;33,661;-22,650739;-44,957642;43,06;-22,6977;-45,030889
RIOSP;2000;BR-116/SP;Guararema;Crescente/Decrescente;175,221;-23,321606;-46,098383;181,591;-23,342633;-46,157531
RIOSP;2000;Acesso km 178,5 (Ayrton Senna)/SP;Guararema;Decrescente;178,292;-23,325535;-46,123937;178,999;-23,328074;-46,128791
RIOSP;2000;Saída km 178,5 (Ayrton Senna)/SP;Guararema;Crescente;178,192;-23,324957;-46,123249;178,442;-23,327774;-46,128945
RIOSP;2000;BR-116/SP;Guaratinguetá;Crescente/Decrescente;56,631;-22,772675;-45,135725;67,5;-22,8302;-45,212947
RIOSP;2000;BR-116/SP;Guarulhos;Crescente/Decrescente;205,546;-23,416172;-46,371394;226,75;-23,500058;-46,562069
RIOSP;2000;Saída km 217,8/SP;Guarulhos;Crescente;217,363;-23,456289;-46,477412;217,662;-23,457262;-46,479709
RIOSP;2000;Acesso km 219,2 (Aeroporto)/SP;Guarulhos;Crescente;219,012;-23,462761;-46,493926;219,511;-23,464022;-46,497326
RIOSP;2000;Acesso km 225,8 (shopping)/SP;Guarulhos;Crescente;225,551;-23,491713;-46,550755;225,651;-23,492486;-46,551813
RIOSP;2000;Saída km 210,8/SP;Guarulhos;Decrescente;210,353;-23,430452;-46,414671;211,177;-23,433295;-46,421371
RIOSP;2000;Acesso km 225,8 (UNG)/SP;Guarulhos;Decrescente;225,381;-23,492354;-46,550576;225,621;-23,494375;-46,553362
RIOSP;2000;BR-116/SP;Lorena;Crescente/Decrescente;49,221;-22,731469;-45,078228;56,63;-22,772675;-45,135725
RIOSP;2000;BR-116/SP;Lavrinhas;Crescente/Decrescente;15,181;-22,559903;-44,831806;25,5;-22,609739;-44,897711
RIOSP;2000;BR-116/SP;Jacareí;Crescente/Decrescente;157,721;-23,258036;-45,947781;175,22;-23,321606;-46,098383
RIOSP;2000;Saída posto km 168,4/SP;Jacareí;Crescente;168,2;-23,304628;-46,033621;168,46;-23,305294;-46,035889
RIOSP;2000;BR-116/SP;Canas;Crescente/Decrescente;43,061;-22,6977;-45,030889;49,22;-22,731469;-45,078228
RIOSP;2000;BR-116/SP;Cruzeiro;Crescente/Decrescente;28,051;-22,623544;-44,910058;33,66;-22,650739;-44,957642
RIOSP;2000;BR-116/SP;Pindamonhangaba;Crescente/Decrescente;83,851;-22,916881;-45,334383;103,04;-22,999361;-45,498514
RIOSP;2000;Saída km 99,1/SP;Pindamonhangaba;Decrescente;98,94;-22,983299;-45,466302;99,42;-22,981326;-45,46238
RIOSP;2000;Acesso km 99,1/SP;Pindamonhangaba;Crescente;99,1;-22,982526;-45,465221;99,25;-22,983196;-45,466523
RIOSP;2000;Acesso km 174/RJ;Belford Roxo;Crescente;180,278;-22,765585;-43,414352;180,609;-22,764931;-43,415986
RIOSP;2000;BR-116/RJ;Belford Roxo;Crescente;180,609;-22,764931;-43,415986;178,042;-22,777628;-43,396522
RIOSP;2000;BR-101/RJ;Itaguaí;Crescente/Decrescente;395,69;-22,878086;-43,73387;414,9;-22,906667;-43,889444
RIOSP;2000;BR-116/RJ;Itaguaí;Decrescente;220,931;-22,692106;-43,785122;215,468;-22,707156;-43,737967
RIOSP;2000;BR-116/RJ;Itatiaia;Crescente/Decrescente;315,691;-22,464917;-44,488733;333,415;-22,494439;-44,647986
RIOSP;2000;Saída km 178/RJ;Nova Iguaçu;Crescente;183,601;-22,750297;-43,440367;183,805;-22,749211;-43,441919
RIOSP;2000;Acesso km 178/RJ;Nova Iguaçu;Crescente;183,805;-22,748434;-43,443048;184,012;-22,747476;-43,444451
RIOSP;2000;BR-116/RJ;Nova Iguaçu;Crescente;194,322;-22,736136;-43,542694;180,61;-22,764931;-43,415986
RIOSP;2000;BR-116/RJ;Nova Iguaçu;Decrescente;194,322;-22,736136;-43,542694;179,832;-22,768069;-43,410803
RIOSP;2000;Saída km 265,7 (Barra Mansa)/RJ;Barra Mansa;Decrescente;271,359;-22,558928;-44,12454;271,727;-22,557281;-44,126993
RIOSP;2000;BR-116/RJ;Barra Mansa;Crescente/Decrescente;265,952;-22,588275;-44,094658;296,722;-22,452039;-44,30675
RIOSP;2000;BR-101/RJ;Angra dos Reis;Crescente/Decrescente;455,742;-23,032017;-44,165699;533,176;-23,024564;-44,537317
RODOVIA DO AÇO;2016;BR-393/RJ;Barra do Piraí;Crescente/Decrescente;245,001;-22,424278;-43,761378;280,5;-22,473824;-44,05477
RODOVIA DO AÇO;2016;Alça de Entrada da BR-040/RJ;Três Rios;Crescente;166,099;-22,126008;-43,154109;166,199;-22,12585;-43,155065
RODOVIA DO AÇO;2016;Alça de Saída da BR-040/RJ;Três Rios;Decrescente;166,199;-22,12585;-43,155065;166,099;-22,126008;-43,154109
RODOVIA DO AÇO;2016;Alça Sul (Estrada União Indústria)/RJ;Três Rios;Crescente/Decrescente;0;-22,122383;-43,232273;3,25;-22,103002;-43,213791
RODOVIA DO AÇO;2016;BR-393/RJ;Três Rios;Crescente/Decrescente;146,001;-22,04504;-43,008813;166,6;-22,125866;-43,154145
RODOVIA DO AÇO;2016;BR-393/RJ;Três Rios;Crescente/Decrescente;167,4;-22,120885;-43,162194;177,2;-22,134574;-43,24883
RODOVIA DO AÇO;2016;BR-393/RJ;Três Rios;Crescente/Decrescente;166,601;-22,123192;-43,156577;167,399;-22,120585;-43,161296
RODOVIA DO AÇO;2016;BR-393/RJ;Vassouras;Crescente/Decrescente;200,745;-22,231755;-43,421266;245;-22,424278;-43,761378
RODOVIA DO AÇO;2016;BR-393/RJ;Volta Redonda;Crescente/Decrescente;280,501;-22,473824;-44,05477;286,4;-22,509609;-44,082038
RODOVIA DO AÇO;2016;BR-393/RJ;Paraíba do Sul;Crescente/Decrescente;177,201;-22,134574;-43,24883;200;-22,21187;-43,40261
RODOVIA DO AÇO;2016;BR-393/RJ;Rio das Flores;Crescente/Decrescente;200,001;-22,21187;-43,40261;200,744;-22,231755;-43,421266
RODOVIA DO AÇO;2016;BR-393/RJ;Sapucaia;Crescente/Decrescente;101,9;-21,874067;-42,667611;146;-22,04504;-43,008813
ROTA VERDE GOIÁS;2025;BR-452/GO;Bom Jesus de Goiás;Crescente/Decrescente;96,645;-18,103816;-50,067233;132,791;-18,212813;-49,53316
ROTA VERDE GOIÁS;2025;BR-452/GO;Bom Jesus de Goiás;Decrescente;132,792;-18,212813;-49,753316;139,291;-18,244152;-49,701956
ROTA VERDE GOIÁS;2025;BR-452/GO;Bom Jesus de Goiás;Crescente/Decrescente;139,292;-18,244152;-49,701956;151,485;-18,292393;-49,598708
ROTA VERDE GOIÁS;2025;BR-452/GO;Bom Jesus de Goiás;Decrescente;151,486;-18,292393;-49,598708;153,836;-18,301832;-49,579288
ROTA VERDE GOIÁS;2025;BR-60/GO;Cezarina;Crescente/Decrescente;218,001;-16,980832;-49,747357;219,3;-16,983193;-49,75032
ROTA VERDE GOIÁS;2025;BR-60/GO;Cezarina;Crescente/Decrescente;219,301;-16,983193;-49,75032;226,6;-17,040791;-49,779626
ROTA VERDE GOIÁS;2025;BR-60/GO;Cezarina;Crescente/Decrescente;226,601;-17,040791;-49,779626;232,35;-17,07734;-49,825302
ROTA VERDE GOIÁS;2025;BR-60/GO;Acreúna;Crescente/Decrescente;283,801;-17,274593;-50,244961;304,4;-17,39299;-50,38162
ROTA VERDE GOIÁS;2025;BR-60/GO;Acreúna;Crescente/Decrescente;304,401;-17,39299;-50,38162;328;-17,553477;-50,518506
ROTA VERDE GOIÁS;2025;BR-60/GO;Acreúna;Crescente/Decrescente;328,001;-17,553477;-50,518506;332,6;-17,542208;-50,558483
ROTA VERDE GOIÁS;2025;BR-60/GO;Abadia de Goiás;Crescente/Decrescente;170,651;-16,740739;-49,412262;174;-16,756219;-49,439592
ROTA VERDE GOIÁS;2025;BR-60/GO;Abadia de Goiás;Crescente/Decrescente;174,001;-16,756219;-49,439592;182,95;-16,794613;-49,508454
ROTA VERDE GOIÁS;2025;BR-60/GO;Guapó;Crescente/Decrescente;185,601;-16,809933;-49,527623;189,3;-16,839312;-49,544308
ROTA VERDE GOIÁS;2025;BR-60/GO;Guapó;Crescente/Decrescente;189,301;-16,839312;-49,544308;209,9;-16,95192;-49,682352
ROTA VERDE GOIÁS;2025;BR-452/GO;Maurilândia;Crescente/Decrescente;50,784;-17,969371;-50,469564;81,416;-18,049596;-50,198042
ROTA VERDE GOIÁS;2025;BR-452/GO;Porteirão;Crescente/Decrescente;81,417;-18,049596;-50,198042;85,88;-18,063864;-50,159798
ROTA VERDE GOIÁS;2025;BR-60/GO;Indiara;Crescente/Decrescente;232,351;-17,07734;-49,825302;252,7;-17,137625;-49,992416
ROTA VERDE GOIÁS;2025;BR-60/GO;Indiara;Crescente/Decrescente;252,701;-17,137625;-49,992416;266,22;-17,205938;-50,105785
ROTA VERDE GOIÁS;2025;BR-452/GO;Itumbiara;Crescente/Decrescente;153,837;-18,301832;-49,579288;196,6;-18,358222;-49,216544
ROTA VERDE GOIÁS;2025;BR-452/GO;Itumbiara;Crescente;132,792;-18,212813;-49,753316;139,291;-18,244152;-49,701956
ROTA VERDE GOIÁS;2025;BR-452/GO;Itumbiara;Crescente;151,486;-18,292393;-49,598708;153,836;-18,301832;-49,579288
ROTA VERDE GOIÁS;2025;BR-60/GO;Jandaia;Crescente/Decrescente;266,221;-17,205938;-50,105785;283,8;-17,274593;-50,244961
ROTA VERDE GOIÁS;2025;BR-452/GO;Goiatuba;Crescente/Decrescente;85,881;-18,063864;-50,159798;96,644;-18,103816;-50,067232
ROTA VERDE GOIÁS;2025;BR-60/GO;Goiânia;Crescente/Decrescente;164;-16,7124;-49,357131;170,65;-16,740739;-49,412262
ROTA VERDE GOIÁS;2025;BR-60/GO;Trindade;Crescente/Decrescente;182,951;-16,794613;-49,508454;185,6;-16,809933;-49,527623
ROTA VERDE GOIÁS;2025;BR-60/GO;Varjão;Crescente/Decrescente;209,901;-16,95192;-49,682352;210,8;-16,952349;-49,683504
ROTA VERDE GOIÁS;2025;BR-60/GO;Varjão;Crescente/Decrescente;210,801;-16,952349;-49,683504;218;-16,980832;-49,747357
ROTA VERDE GOIÁS;2025;BR-60/GO;Santo Antônio da Barra;Crescente/Decrescente;332,601;-17,542208;-50,558483;349,9;-17,590493;-50,707524
ROTA VERDE GOIÁS;2025;BR-60/GO;Santo Antônio da Barra;Crescente/Decrescente;349,901;-17,590493;-50,707524;352,4;-17,598296;-50,732837
ROTA VERDE GOIÁS;2025;BR-60/GO;Rio Verde;Crescente/Decrescente;352,401;-17,598296;-50,732837;381,1;-17,786331;-50,90151
ROTA VERDE GOIÁS;2025;BR-60/GO;Rio Verde;Crescente/Decrescente;381,101;-17,786331;-50,90151;387,9;-17,822856;-50,95116
ROTA VERDE GOIÁS;2025;BR-60/GO;Rio Verde;Crescente/Decrescente;387,901;-17,822856;-50,95116;393,1;-17,8223;-51,000879
ROTA VERDE GOIÁS;2025;BR-452/GO;Rio Verde;Crescente/Decrescente;0;-17,786331;-50,90151;28,183;-17,891687;-50,662707
ROTA VERDE GOIÁS;2025;BR-452/GO;Rio Verde;Crescente/Decrescente;46,074;-17,952368;-50,509934;50,783;-17,969371;-50,469564
ROTA VERDE GOIÁS;2025;BR-452/GO;Santa Helena de Goiás;Crescente/Decrescente;28,184;-17,891687;-50,662707;46,073;-17,952368;-50,509934
TRANSBRASILIANA;2015;BR-153/SP;Bady Bassitt;Crescente/Decrescente;73,301;-20,882328;-49,424509;83,201;-20,923503;-49,505558
TRANSBRASILIANA;2015;BR-153/SP;Campos Novos Paulista;Crescente/Decrescente;293,051;-22,52748;-49,889653;294,25;-22,534627;-49,889603
TRANSBRASILIANA;2015;BR-153/SP;Campos Novos Paulista;Crescente/Decrescente;296,351;-22,554813;-49,88971;306,48;-22,645865;-49,889548
TRANSBRASILIANA;2015;BR-153/SP;Getulina;Crescente/Decrescente;190,401;-21,745039;-49,858731;205,9;-21,871613;-49,907513
TRANSBRASILIANA;2015;BR-153/SP;Guaiçara;Crescente/Decrescente;181,601;-21,695793;-49,794618;183,58;-21,71059;-49,807241
TRANSBRASILIANA;2015;BR-153/SP;Guaiçara;Crescente/Decrescente;165,001;-21,558286;-49,783069;178,3;-21,665964;-49,789733
TRANSBRASILIANA;2015;BR-153/SP;Guaimbê;Crescente/Decrescente;205,901;-21,871613;-49,907513;215,65;-21,956176;-49,922615
TRANSBRASILIANA;2015;BR-153/SP;Promissão;Crescente/Decrescente;137,851;-21,30431;-49,79392;165;-21,558286;-49,783069
TRANSBRASILIANA;2015;SP-333/SP;Marília;Crescente/Decrescente;314,29;-22,086432;-49,899931;327,1;-22,179746;-49,972059
TRANSBRASILIANA;2015;SP-294/SP;Marília;Crescente/Decrescente;446,7;-22,231369;-49,918697;458;-22,181132;-49,972285
TRANSBRASILIANA;2015;BR-153/SP;Marília;Crescente/Decrescente;215,651;-21,956176;-49,922615;230,2;-22,083716;-49,901207
TRANSBRASILIANA;2015;BR-153/SP;Marília;Crescente/Decrescente;255,4;-22,232668;-49,918764;265,9;-22,318935;-49,898198
TRANSBRASILIANA;2015;BR-153/SP;Marília;Crescente/Decrescente;255;-22,23235;-49,9246;255,399;-22,232668;-49,918764
TRANSBRASILIANA;2015;BR-153/SP;Mirassol;Crescente/Decrescente;83,201;-20,923503;-49,505558;88,1;-20,949525;-49,54318
TRANSBRASILIANA;2015;BR-153/SP;Nova Granada;Crescente/Decrescente;14,751;-20,418693;-49,267059;35,74;-20,588781;-49,31843
TRANSBRASILIANA;2015;BR-153/SP;Ocauçu;Crescente/Decrescente;269,301;-22,34469;-49,897788;293,05;-22,52748;-49,889653
TRANSBRASILIANA;2015;BR-153/SP;Onda Verde;Crescente/Decrescente;35,741;-20,588781;-49,31843;45,22;-20,66671;-49,340787
TRANSBRASILIANA;2015;BR-153/SP;Ourinhos;Crescente/Decrescente;329,321;-22,841009;-49,889672;331,02;-22,866378;-49,889735
TRANSBRASILIANA;2015;BR-153/SP;Ourinhos;Crescente/Decrescente;336,221;-22,912322;-49,889837;337,3;-22,919753;-49,895235
TRANSBRASILIANA;2015;BR-153/SP;Ourinhos;Crescente/Decrescente;337,301;-22,919753;-49,895235;347,7;-22,996235;-49,905062
TRANSBRASILIANA;2015;Variante/SP;Ourinhos;Crescente/Decrescente;336;-22,910386;-49,889581;338,1;-22,927377;-49,890597
TRANSBRASILIANA;2015;BR-153/SP;Icém;Crescente/Decrescente;0;-20,306787;-49,207763;14,75;-20,418693;-49,267059
TRANSBRASILIANA;2015;BR-153/SP;Jaci;Crescente/Decrescente;88,101;-20,949525;-49,54318;97,87;-20,98915;-49,621028
TRANSBRASILIANA;2015;BR-153/SP;Lins;Crescente/Decrescente;178,301;-21,665964;-49,789733;181,6;-21,695793;-49,794618
TRANSBRASILIANA;2015;BR-153/SP;Lins;Crescente/Decrescente;183,581;-21,71059;-49,807241;190,4;-21,745039;-49,858731
TRANSBRASILIANA;2015;BR-153/SP;José Bonifácio;Crescente/Decrescente;97,871;-20,98915;-49,621028;115,3;-21,132322;-49,696449
TRANSBRASILIANA;2015;BR-153/SP;São José do Rio Preto;Crescente/Decrescente;45,221;-20,66671;-49,340787;73,3;-20,882328;-49,424509
TRANSBRASILIANA;2015;BR-153/SP;São Pedro do Turvo;Crescente/Decrescente;306,481;-22,645865;-49,889548;313,5;-22,706452;-49,889717
TRANSBRASILIANA;2015;BR-153/SP;São Pedro do Turvo;Crescente/Decrescente;294,251;-22,534627;-49,889603;296,35;-22,554813;-49,88971
TRANSBRASILIANA;2015;BR-153/SP;Salto Grande;Crescente/Decrescente;322,601;-22,788136;-49,889656;329,32;-22,841009;-49,889672
TRANSBRASILIANA;2015;BR-153/SP;Salto Grande;Crescente/Decrescente;331,021;-22,866378;-49,889735;336,22;-22,912322;-49,889837
TRANSBRASILIANA;2015;BR-153/SP;Ribeirão do Sul;Crescente/Decrescente;313,501;-22,706452;-49,889717;322,6;-22,788136;-49,889656
TRANSBRASILIANA;2015;BR-153/SP;Ubarana;Crescente/Decrescente;115,301;-21,132322;-49,696449;137,85;-21,30431;-49,79392
TRANSBRASILIANA;2015;BR-153/SP;Vera Cruz;Crescente/Decrescente;265,901;-22,318935;-49,898198;269,3;-22,34469;-49,897788
VIA ARAUCÁRIA;2019;418/PR;Almirante Tamandaré;Crescente/Decrescente;9,001;-25,367604;-49,326908;15,07;-25,347638;-49,275075
VIA ARAUCÁRIA;2019;418/PR;Almirante Tamandaré;Crescente/Decrescente;15,501;-25,34578;-49,271417;19,8;-25,341939;-49,237362
VIA ARAUCÁRIA;2019;423/PR;Araucária;Crescente/Decrescente;9,4;-25,571264;-49,385639;26,2;-25,5315;-49,537205
VIA ARAUCÁRIA;2019;BR-476/PR;Araucária;Crescente/Decrescente;147,271;-25,555697;-49,342365;166;-25,652552;-49,479573
VIA ARAUCÁRIA;2019;BR-277/PR;Balsa Nova;Crescente;140,866;-25,471169;-49,672156;151,417;-25,466522;-49,767254
VIA ARAUCÁRIA;2019;BR-277/PR;Balsa Nova;Decrescente;131,481;-25,472215;-49,655945;139,41;-25,461228;-49,579093
VIA ARAUCÁRIA;2019;BR-277/PR;Balsa Nova;Decrescente;140,866;-25,471169;-49,672156;151,417;-25,466522;-49,767254
VIA ARAUCÁRIA;2019;BR-277/PR;Balsa Nova;Crescente;139,143;-25,466804;-49,655141;140,865;-25,471169;-49,672156
VIA ARAUCÁRIA;2019;BR-277/PR;Balsa Nova;Decrescente;139,411;-25,472215;-49,655945;140,865;-25,471169;-49,672156
VIA ARAUCÁRIA;2019;423/PR;Balsa Nova;Crescente/Decrescente;35,001;-25,466813;-49,575306;35,93;-25,458853;-49,576114
VIA ARAUCÁRIA;2019;423/PR;Campo Largo;Crescente/Decrescente;35,931;-25,458853;-49,576114;37,33;-25,446744;-49,57605
VIA ARAUCÁRIA;2019;423/PR;Campo Largo;Crescente/Decrescente;26,201;-25,5315;-49,537205;35;-25,466813;-49,575306
VIA ARAUCÁRIA;2019;BR-277/PR;Campo Largo;Crescente;109,79;-25,427725;-49,388178;139,142;-25,467793;-49,656505
VIA ARAUCÁRIA;2019;BR-277/PR;Campo Largo;Decrescente;109,79;-25,427725;-49,388178;131,48;-25,461228;-49,579093
VIA ARAUCÁRIA;2019;BR-476/PR;Contenda;Crescente/Decrescente;166,001;-25,652552;-49,479573;181;-25,711291;-49,606121
VIA ARAUCÁRIA;2019;418/PR;Curitiba;Crescente/Decrescente;15,071;-25,347638;-49,275075;15,5;-25,34578;-49,271417
VIA ARAUCÁRIA;2019;418/PR;Curitiba;Crescente/Decrescente;0;-25,432016;-49,365997;9;-25,367604;-49,326908
VIA ARAUCÁRIA;2019;Acesso BR-277/PR;Curitiba;Crescente/Decrescente;0;-25,432064;-49,365667;5,3;-25,431844;-49,314675
VIA ARAUCÁRIA;2019;418/PR;Colombo;Crescente/Decrescente;19,801;-25,341939;-49,237362;21,86;-25,342744;-49,219138
VIA ARAUCÁRIA;2019;BR-277/PR;Curitiba;Crescente/Decrescente;107,3;-25,432064;-49,365667;109,789;-25,427725;-49,388178
VIA ARAUCÁRIA;2019;BR-376/PR;Curitiba;Crescente/Decrescente;591,6;-25,432064;-49,365667;606,2;-25,540531;-49,310956
VIA ARAUCÁRIA;2019;BR-476/PR;Curitiba;Crescente/Decrescente;143,7;-25,540531;-49,310956;147,27;-25,555697;-49,342365
VIA ARAUCÁRIA;2019;BR-373/PR;Imbituva;Crescente/Decrescente;215,151;-25,154999;-50,534;216,934;-25,159058;-50,550983
VIA ARAUCÁRIA;2019;BR-373/PR;Imbituva;Crescente/Decrescente;211,691;-25,152104;-50,502354;215,15;-25,154999;-50,534
VIA ARAUCÁRIA;2019;BR-373/PR;Imbituva;Crescente/Decrescente;216,935;-25,159058;-50,550983;236,49;-25,181068;-50,729297
VIA ARAUCÁRIA;2019;BR-373/PR;Ipiranga;Crescente/Decrescente;196,873;-25,07501;-50,392062;211,69;-25,152104;-50,502354
VIA ARAUCÁRIA;2019;BR-277/PR;Fernandes Pinheiro;Crescente/Decrescente;226,101;-25,453486;-50,445654;241,6;-25,465274;-50,583994
VIA ARAUCÁRIA;2019;BR-277/PR;Irati;Crescente;255,501;-25,439647;-50,711231;256,48;-25,434464;-50,718549
VIA ARAUCÁRIA;2019;BR-277/PR;Irati;Decrescente;255,501;-25,439647;-50,711231;256,48;-25,434464;-50,718549
VIA ARAUCÁRIA;2019;BR-277/PR;Irati;Crescente/Decrescente;241,601;-25,465274;-50,583994;255,5;-25,439647;-50,711231
VIA ARAUCÁRIA;2019;BR-277/PR;Irati;Crescente/Decrescente;256,481;-25,434464;-50,718549;264,06;-25,408008;-50,785547
VIA ARAUCÁRIA;2019;BR-277/PR;Irati;Crescente/Decrescente;265,861;-25,39968;-50,799395;273,54;-25,377814;-50,869157
VIA ARAUCÁRIA;2019;BR-373/PR;Guamiranga;Crescente/Decrescente;236,491;-25,181068;-50,729297;254,48;-25,187859;-50,896689
VIA ARAUCÁRIA;2019;BR-373/PR;Ponta Grossa;Crescente/Decrescente;183,4;-25,040056;-50,280622;196,872;-25,07501;-50,392062
VIA ARAUCÁRIA;2019;BR-373/PR;Prudentópolis;Crescente/Decrescente;254,481;-25,187859;-50,896689;282,7;-25,292061;-51,128447
VIA ARAUCÁRIA;2019;427/PR;Porto Amazonas;Crescente/Decrescente;65,001;-25,546122;-49,886374;73,89;-25,473194;-49,895872
VIA ARAUCÁRIA;2019;BR-277/PR;Porto Amazonas;Crescente;165,321;-25,470321;-49,900921;166,252;-25,46561;-49,90864
VIA ARAUCÁRIA;2019;BR-277/PR;Porto Amazonas;Decrescente;165,321;-25,470321;-49,900921;166,252;-25,46561;-49,90864
VIA ARAUCÁRIA;2019;BR-277/PR;Porto Amazonas;Decrescente;151,418;-25,466522;-49,767254;159,577;-25,476111;-49,846468
VIA ARAUCÁRIA;2019;BR-277/PR;Porto Amazonas;Crescente/Decrescente;164,155;-25,474178;-49,890365;165,32;-25,470321;-49,900921
VIA ARAUCÁRIA;2019;BR-277/PR;Porto Amazonas;Crescente/Decrescente;166,253;-25,46561;-49,90864;167,315;-25,462788;-49,918725
VIA ARAUCÁRIA;2019;BR-277/PR;Prudentópolis;Crescente/Decrescente;273,541;-25,377814;-50,869157;303,8;-25,292061;-51,128447
VIA ARAUCÁRIA;2019;BR-277/PR;Prudentópolis;Crescente/Decrescente;264,061;-25,408008;-50,785547;265,86;-25,39968;-50,799395
VIA ARAUCÁRIA;2019;427/PR;Lapa;Crescente/Decrescente;32,67;-25,763511;-49,737281;65;-25,546122;-49,886374
VIA ARAUCÁRIA;2019;BR-476/PR;Lapa;Crescente/Decrescente;181,001;-25,711291;-49,606121;190,999;-25,721964;-49,698019
VIA ARAUCÁRIA;2019;BR-476/PR;Lapa;Crescente/Decrescente;192,001;-25,73048;-49,702282;197,7;-25,763511;-49,737281
VIA ARAUCÁRIA;2019;BR-476/PR;Lapa;Crescente/Decrescente;191;-25,721964;-49,698019;192;-25,73048;-49,702282
VIA ARAUCÁRIA;2019;BR-277/PR;Palmeira;Crescente/Decrescente;159,578;-25,476111;-49,846468;164,154;-25,474178;-49,890365
VIA ARAUCÁRIA;2019;BR-277/PR;Palmeira;Crescente;151,418;-25,466522;-49,767254;159,577;-25,476111;-49,846468
VIA ARAUCÁRIA;2019;BR-277/PR;Palmeira;Crescente/Decrescente;167,316;-25,462788;-49,918725;215,394;-25,46324;-50,34625
VIA ARAUCÁRIA;2019;BR-277/PR;Teixeira Soares;Crescente/Decrescente;215,395;-25,46324;-50,34625;226,1;-25,453486;-50,445654
VIA BRASIL;2021;BR-163/MT;Terra Nova do Norte;Crescente/Decrescente;969,437;-10,73361;-55,14017;1021,993;-10,3027;-55,0328
VIA BRASIL;2021;BR-163/MT;Cláudia;Crescente/Decrescente;879,252;-11,49531;-55,36334;906,215;-11,2589;-55,3107
VIA BRASIL;2021;BR-163/MT;Guarantã do Norte;Crescente/Decrescente;1054,344;-10,05052;-54,90881;1118,6;-9,57035;-54,87688
VIA BRASIL;2021;BR-163/MT;Itaúba;Crescente/Decrescente;906,216;-11,2589;-55,3107;946,36;-10,92783;-55,20536
VIA BRASIL;2021;BR-163/MT;Sinop;Crescente/Decrescente;854,2;-11,69194;-55,4512;879,251;-11,49531;-55,36334
VIA BRASIL;2021;BR-163/MT;Nova Santa Helena;Crescente/Decrescente;946,361;-10,92783;-55,20536;969,436;-10,73361;-55,14017
VIA BRASIL;2021;BR-163/MT;Peixoto de Azevedo;Crescente/Decrescente;1021,994;-10,3027;-55,0328;1033,619;-10,21908;-54,96949
VIA BRASIL;2021;BR-163/MT;Matupá;Crescente/Decrescente;1033,62;-10,21908;-54,96949;1054,343;-10,05052;-54,90881
VIA BRASIL;2021;BR-163/PA;Altamira;Crescente/Decrescente;65,025;-9,51623;-54,85964;184,935;-8,08376;-55,14491
VIA BRASIL;2021;BR-163/PA;Itaituba;Crescente/Decrescente;388,75;-6,39319;-55,56609;514,184;-5,40228;-55,8831
VIA BRASIL;2021;BR-163/PA;Itaituba;Crescente/Decrescente;601,149;-4,83412;-56,13714;615,618;-4,74468;-56,06147
VIA BRASIL;2021;BR-163/PA;Itaituba;Crescente/Decrescente;643,338;-4,56194;-55,92389;674,3;-4,347;-55,78585
VIA BRASIL;2021;BR-230/PA;Itaituba;Crescente/Decrescente;1096;-4,347;-55,78585;1129;-4,29257;-55,96288
VIA BRASIL;2021;BR-163/PA;Novo Progresso;Crescente/Decrescente;184,936;-8,08376;-55,14491;388,749;-6,39319;-55,56609
VIA BRASIL;2021;BR-163/PA;Novo Progresso;Crescente/Decrescente;0;-9,57035;-54,87688;6,29;-9,51623;-54,85964
VIA BRASIL;2021;BR-163/PA;Novo Progresso;Crescente/Decrescente;6,291;-9,51623;-54,85964;65,024;-9,51623;-54,85964
VIA BRASIL;2021;BR-163/PA;Trairão;Crescente/Decrescente;615,619;-4,74468;-56,06147;643,337;-4,56194;-55,92389
VIA BRASIL;2021;BR-163/PA;Trairão;Crescente/Decrescente;514,185;-5,40228;-55,8831;601,148;-4,83412;-56,13714
VIA COSTEIRA;2020;BR-101/SC;Araranguá;Crescente;405,272;-28,903409;-49,477148;426,723;-29,036796;-49,609011
VIA COSTEIRA;2020;BR-101/SC;Araranguá;Decrescente;426,723;-29,036686;-49,609158;405,272;-28,903479;-49,477253
VIA COSTEIRA;2020;BR-101/SC;Criciúma;Decrescente;396,189;-28,83794;-49,422475;389,916;-28,804447;-49,370957
VIA COSTEIRA;2020;BR-101/SC;Criciúma;Crescente;389,916;-28,80501;-49,371792;396,189;-28,837237;-49,422111
VIA COSTEIRA;2020;BR-101/SC;Garopaba;Decrescente;264,717;-28,060821;-48,71681;261,001;-28,029096;-48,705135
VIA COSTEIRA;2020;BR-101/SC;Garopaba;Crescente;261,001;-28,029422;-48,705051;264,717;-28,060653;-48,717011
VIA COSTEIRA;2020;BR-101/SC;Capivari de Baixo;Decrescente;329,903;-28,456306;-48,981601;324,332;-28,424585;-48,939269
VIA COSTEIRA;2020;BR-101/SC;Capivari de Baixo;Crescente;324,332;-28,424632;-48,939413;329,903;-28,456395;-48,982319
VIA COSTEIRA;2020;BR-101/SC;Maracajá;Crescente;396,19;-28,837237;-49,422111;405,271;-28,903409;-49,477148
VIA COSTEIRA;2020;BR-101/SC;Maracajá;Decrescente;405,271;-28,903479;-49,477253;396,19;-28,83794;-49,422475
VIA COSTEIRA;2020;BR-101/SC;Laguna;Decrescente;315,973;-28,425802;-48,857699;297,587;-28,343118;-48,733117
VIA COSTEIRA;2020;BR-101/SC;Laguna;Crescente;297,587;-28,342744;-48,733362;315,21;-28,428502;-48,852085
VIA COSTEIRA;2020;BR-101/SC;Jaguaruna;Decrescente;354,695;-28,624286;-49,079618;346,822;-28,572791;-49,053018
VIA COSTEIRA;2020;BR-101/SC;Jaguaruna;Crescente;346,822;-28,573633;-49,052709;354,695;-28,624244;-49,078948
VIA COSTEIRA;2020;BR-101/SC;Içara;Decrescente;389,915;-28,804447;-49,370957;368,546;-28,699241;-49,19195
VIA COSTEIRA;2020;BR-101/SC;Içara;Crescente;368,546;-28,699222;-49,191333;389,915;-28,80501;-49,371792
VIA COSTEIRA;2020;BR-101/SC;Imbituba;Decrescente;297,586;-28,343118;-48,733117;267,327;-28,082446;-48,712029
VIA COSTEIRA;2020;BR-101/SC;Imbituba;Crescente;267,327;-28,083373;-48,711156;297,586;-28,342744;-48,733362
VIA COSTEIRA;2020;BR-101/SC;São João do Sul;Crescente;450,621;-29,183788;-49,755358;459,236;-29,258792;-49,757459
VIA COSTEIRA;2020;BR-101/SC;São João do Sul;Decrescente;459,236;-29,258454;-49,756297;450,621;-29,183627;-49,755231
VIA COSTEIRA;2020;BR-101/SC;Treze de Maio;Crescente;346,279;-28,568085;-49,053713;346,821;-28,573633;-49,052709
VIA COSTEIRA;2020;BR-101/SC;Treze de Maio;Decrescente;346,821;-28,572791;-49,053018;346,279;-28,568254;-49,053527
VIA COSTEIRA;2020;BR-101/SC;Tubarão;Decrescente;346,278;-28,568254;-49,053527;329,904;-28,456306;-48,981601
VIA COSTEIRA;2020;BR-101/SC;Tubarão;Crescente;329,904;-28,456395;-48,982319;346,278;-28,568085;-49,053713
VIA COSTEIRA;2020;BR-101/SC;Santa Rosa do Sul;Crescente;440,542;-29,128229;-49,680457;450,62;-29,183752;-49,755359
VIA COSTEIRA;2020;BR-101/SC;Santa Rosa do Sul;Decrescente;450,62;-29,183627;-49,755231;440,542;-29,127709;-49,680488
VIA COSTEIRA;2020;BR-101/SC;Sangão;Decrescente;368,545;-28,699241;-49,19195;354,696;-28,624286;-49,079618
VIA COSTEIRA;2020;BR-101/SC;Sangão;Crescente;354,696;-28,624244;-49,078948;368,545;-28,699222;-49,191333
VIA COSTEIRA;2020;BR-101/SC;Sombrio;Decrescente;440,541;-29,127709;-49,680488;426,724;-29,036686;-49,609158
VIA COSTEIRA;2020;BR-101/SC;Sombrio;Crescente;426,724;-29,036796;-49,609011;440,541;-29,128229;-49,680457
VIA COSTEIRA;2020;BR-101/SC;Passo de Torres;Crescente;459,237;-29,258792;-49,757459;464,285;-29,298964;-49,769567
VIA COSTEIRA;2020;BR-101/SC;Passo de Torres;Decrescente;464,285;-29,298912;-49,769397;459,237;-29,258454;-49,756297
VIA COSTEIRA;2020;BR-101/SC;Paulo Lopes;Decrescente;267,326;-28,082956;-48,710731;264,718;-28,060821;-48,71681
VIA COSTEIRA;2020;BR-101/SC;Paulo Lopes;Decrescente;261;-28,029096;-48,705135;245,079;-27,902079;-48,649171
VIA COSTEIRA;2020;BR-101/SC;Paulo Lopes;Crescente;245,079;-27,901745;-48,649547;261;-28,029422;-48,705051
VIA COSTEIRA;2020;BR-101/SC;Paulo Lopes;Crescente;264,718;-28,060653;-48,717011;267,326;-28,083373;-48,711156
VIA COSTEIRA;2020;BR-101/SC;Pescaria Brava;Crescente;315,211;-28,428502;-48,852085;324,331;-28,424632;-48,939413
VIA COSTEIRA;2020;BR-101/SC;Pescaria Brava;Decrescente;324,331;-28,424585;-48,939269;315,974;-28,425802;-48,857699
VIA COSTEIRA;2020;BR-101/SC;Palhoça;Decrescente;245,078;-27,902079;-48,649171;245;-27,902079;-48,649171
VIA COSTEIRA;2020;BR-101/SC;Palhoça;Crescente;245;-27,901562;-48,649485;245,078;-27,901745;-48,649547
VIA CRISTAIS;2010;BR-40/GO;Cristalina;Crescente/Decrescente;95,7;-16,754347;-47,604457;157,3;-17,034694;-47,162689
VIA CRISTAIS;2010;BR-40/MG;Belo Horizonte;Crescente;531,001;-19,921323;-44,023542;533,2;-19,926327;-44,006351
VIA CRISTAIS;2010;BR-40/MG;Belo Horizonte;Decrescente;530,601;-19,918264;-44,027753;533,2;-19,926327;-44,006351
VIA CRISTAIS;2010;BR-40/MG;Capim Branco;Decrescente;487,131;-19,599108;-44,223062;489,1;-19,615656;-44,213501
VIA CRISTAIS;2010;BR-40/MG;Felixlândia;Crescente/Decrescente;320,716;-18,520109;-45,075699;375,71;-18,855118;-44,752548
VIA CRISTAIS;2010;BR-40/MG;Esmeraldas;Crescente;487,131;-19,599108;-44,223062;494;-19,653571;-44,198584
VIA CRISTAIS;2010;BR-40/MG;Esmeraldas;Crescente/Decrescente;494,766;-19,660466;-44,198058;495,395;-19,665311;-44,195407
VIA CRISTAIS;2010;BR-40/MG;Esmeraldas;Crescente/Decrescente;496,671;-19,67595;-44,191108;497,18;-19,678655;-44,187626
VIA CRISTAIS;2010;BR-40/MG;Esmeraldas;Crescente/Decrescente;497,531;-19,681157;-44,185202;505,1;-19,738825;-44,149292
VIA CRISTAIS;2010;BR-40/MG;Esmeraldas;Decrescente;487,13;-19,599108;-44,223062;493,82;-19,651961;-44,199133
VIA CRISTAIS;2010;BR-40/MG;Esmeraldas;Decrescente;494;-19,653368;-44,198582;505,09;-19,73879;-44,149333
VIA CRISTAIS;2010;BR-40/MG;Caetanópolis;Crescente/Decrescente;446,306;-19,290086;-44,388633;460,44;-19,400572;-44,335231
VIA CRISTAIS;2010;BR-40/MG;Contagem;Crescente;519,189;-19,841139;-44,075963;531;-19,921323;-44,023542
VIA CRISTAIS;2010;BR-40/MG;Contagem;Decrescente;519,189;-19,841139;-44,075963;530,6;-19,918264;-44,027753
VIA CRISTAIS;2010;BR-40/MG;Curvelo;Crescente/Decrescente;375,711;-18,855118;-44,752548;424,9;-19,162989;-44,521872
VIA CRISTAIS;2010;BR-40/MG;João Pinheiro;Crescente/Decrescente;121,201;-17,6642;-46,354414;226,135;-17,992867;-45,601171
VIA CRISTAIS;2010;BR-40/MG;Lagoa Grande;Crescente/Decrescente;90,451;-17,502434;-46,571719;121,2;-17,6642;-46,354414
VIA CRISTAIS;2010;BR-40/MG;Três Marias;Crescente/Decrescente;272,801;-18,188396;-45,252285;320,715;-18,520109;-45,075699
VIA CRISTAIS;2010;BR-40/MG;Ribeirão das Neves;Crescente/Decrescente;505,101;-19,738825;-44,149292;519,188;-19,841139;-44,075963
VIA CRISTAIS;2010;BR-40/MG;Ribeirão das Neves;Decrescente;505,09;-19,73879;-44,149333;519,17;-19,841309;-44,075852
VIA CRISTAIS;2010;BR-40/MG;São Gonçalo do Abaeté;Crescente/Decrescente;226,136;-17,992867;-45,601171;272,8;-18,188396;-45,252285
VIA CRISTAIS;2010;BR-40/MG;Sete Lagoas;Crescente/Decrescente;460,441;-19,400572;-44,335231;487,13;-19,599108;-44,223062
VIA CRISTAIS;2010;BR-40/MG;Paracatu;Crescente/Decrescente;0;-17,034534;-47,160908;90,45;-17,502434;-46,571719
VIA CRISTAIS;2010;BR-40/MG;Paraopeba;Crescente/Decrescente;424,901;-19,162989;-44,521872;446,305;-19,290086;-44,388633
VIA CRISTAIS;2010;BR-40/MG;Pedro Leopoldo;Crescente/Decrescente;495,396;-19,665311;-44,195407;496,67;-19,67595;-44,191108
VIA CRISTAIS;2010;BR-40/MG;Pedro Leopoldo;Crescente/Decrescente;497,181;-19,678655;-44,187626;497,53;-19,681157;-44,185202
VIA CRISTAIS;2010;BR-40/MG;Matozinhos;Crescente/Decrescente;494,001;-19,653549;-44,198607;494,76;-19,660466;-44,198058
VIA CRISTAIS;2010;BR-40/MG;Matozinhos;Decrescente;493,83;-19,649861;-44,200067;494;-19,653549;-44,198607
VIA MINEIRA;2012;BR-40/MG;Nova Lima;Crescente/Decrescente;544,501;-20,00507;-43,96446;571,6;-20,22499;-43,97067
VIA MINEIRA;2012;BR-40/MG;Ouro Preto;Crescente/Decrescente;591,401;-20,37461;-43,90831;605,4;-20,4643;-43,83942
VIA MINEIRA;2012;BR-40/MG;Oliveira Fortes;Crescente/Decrescente;729,091;-21,32305;-43,58392;734,59;-21,3718;-43,57399
VIA MINEIRA;2012;BR-40/MG;Santos Dumont;Crescente/Decrescente;734,591;-21,3718;-43,57399;756,53;-21,52439;-43,52052
VIA MINEIRA;2012;BR-40/MG;Ressaquinha;Crescente/Decrescente;677,681;-21,03368;-43,7758;687,82;-21,10398;-43,76132
VIA MINEIRA;2012;BR-40/MG;Itabirito;Crescente/Decrescente;571,601;-20,22499;-43,97067;591,4;-20,37461;-43,90831
VIA MINEIRA;2012;BR-40/MG;Juiz de Fora;Crescente/Decrescente;762,521;-21,645331;-43,435711;776,1;-21,6593;-43,43364
VIA MINEIRA;2012;BR-40/MG;Cristiano Otoni;Crescente/Decrescente;643,971;-20,77585;-43,81016;656,77;-20,88099;-43,80256
VIA MINEIRA;2012;BR-40/MG;Ewbank da Câmara;Crescente/Decrescente;756,531;-21,52439;-43,52052;762,52;-21,56441;-43,48817
VIA MINEIRA;2012;BR-40/MG;Carandaí;Crescente/Decrescente;656,771;-20,88099;-43,80256;677,68;-21,03368;-43,7758
VIA MINEIRA;2012;BR-40/MG;Congonhas;Crescente/Decrescente;605,401;-20,4643;-43,83942;618,3;-20,56572;-43,81144
VIA MINEIRA;2012;BR-40/MG;Conselheiro Lafaiete;Crescente/Decrescente;618,301;-20,56572;-43,81144;643,97;-20,77585;-43,81016
VIA MINEIRA;2012;BR-40/MG;Belo Horizonte;Crescente/Decrescente;544;-19,996925;-43,961658;544,5;-20,00507;-43,96446
VIA MINEIRA;2012;BR-40/MG;Barbacena;Crescente/Decrescente;695,321;-21,16575;-43,75745;725,64;-21,32305;-43,58392
VIA MINEIRA;2012;BR-40/MG;Alfredo Vasconcelos;Crescente/Decrescente;687,821;-21,10398;-43,76132;695,32;-21,16575;-43,75745
VIA SUL;2019;BR-386/RS;Victor Graeff;Crescente/Decrescente;199,08;-28,451182;-52,662187;207,367;-28,517854;-52,632697
VIA SUL;2019;BR-386/RS;Victor Graeff;Decrescente;207,366;-28,517853;-52,632696;208,472;-28,527337;-52,626058
VIA SUL;2019;BR-386/RS;Carazinho;Crescente/Decrescente;179,96;-28,300307;-52,745028;184,82;-28,337848;-52,720562
VIA SUL;2019;BR-290/RS;Santo Antônio da Patrulha;Crescente/Decrescente;11,395;-29,888;-50,384928;25,871;-29,880123;-50,510418
VIA SUL;2019;BR-290/RS;Santo Antônio da Patrulha;Crescente/Decrescente;25,9;-29,880124;-50,510419;42,221;-29,889381;-50,682244
VIA SUL;2019;BR-386/RS;Santo Antônio do Planalto;Crescente/Decrescente;184,83;-28,337849;-52,720563;199,07;-28,451182;-52,662186
VIA SUL;2019;BR-386/RS;São José do Herval;Crescente/Decrescente;277,307;-29,016611;-52,324138;290,922;-29,106198;-52,249117
VIA SUL;2019;BR-386/RS;Canoas;Crescente/Decrescente;439,723;-29,877809;-51,24244;446;-29,893393;-51,181395
VIA SUL;2019;BR-448/RS;Canoas;Crescente/Decrescente;7,268;-29,86078;-51,225832;21,573;-29,965108;-51,202138
VIA SUL;2019;BR-386/RS;Bom Retiro do Sul;Crescente;362,786;-29,559744;-51,883998;363,806;-29,566109;-51,873947
VIA SUL;2019;BR-290/RS;Cachoeirinha;Crescente/Decrescente;81,609;-29,955333;-51,075467;84,172;-29,964109;-51,098151
VIA SUL;2019;BR-448/RS;Sapucaia do Sul;Crescente/Decrescente;0,5;-29,828714;-51,175998;0,584;-29,829124;-51,176041
VIA SUL;2019;BR-386/RS;Soledade;Decrescente;222,081;-28,636895;-52,61475;228,27;-28,683849;-52,592751
VIA SUL;2019;BR-386/RS;Soledade;Crescente/Decrescente;228,26;-28,683849;-52,592751;245,27;-28,803456;-52,507961
VIA SUL;2019;BR-386/RS;Soledade;Crescente/Decrescente;245,3;-28,803457;-52,507962;259,144;-28,889815;-52,415665
VIA SUL;2019;BR-386/RS;Tabaí;Crescente/Decrescente;379,518;-29,650732;-51,760265;387,131;-29,692678;-51,701819
VIA SUL;2019;BR-386/RS;Taquari;Crescente;373,432;-29,614962;-51,799539;379,517;-29,650731;-51,760264
VIA SUL;2019;BR-101/RS;Terra de Areia;Crescente/Decrescente;40,552;-29,540768;-50,031567;55,343;-29,648079;-50,114437
VIA SUL;2019;BR-386/RS;Tio Hugo;Crescente;207,366;-28,527337;-52,626058;208,472;-28,527421;-52,625896
VIA SUL;2019;BR-386/RS;Tio Hugo;Crescente/Decrescente;208,472;-28,527421;-52,625896;214,797;-28,575995;-52,595735
VIA SUL;2019;BR-386/RS;Tio Hugo;Crescente/Decrescente;214,8;-28,575995;-52,595735;222,082;-28,636895;-52,61475
VIA SUL;2019;BR-101/RS;Torres;Crescente/Decrescente;0;-29,299424;-49,76997;10,001;-29,372013;-49,822042
VIA SUL;2019;BR-101/RS;Três Cachoeiras;Crescente/Decrescente;16,86;-29,419724;-49,860497;20,017;-29,431551;-49,887463
VIA SUL;2019;BR-101/RS;Três Cachoeiras;Crescente/Decrescente;20,018;-29,431554;-49,887464;37,461;-29,536206;-50,006542
VIA SUL;2019;BR-101/RS;Três Forquilhas;Crescente/Decrescente;37,462;-29,536207;-50,006543;40,551;-29,540767;-50,031566
VIA SUL;2019;BR-386/RS;Triunfo;Crescente/Decrescente;387,132;-29,692679;-51,70182;402,123;-29,764053;-51,583948
VIA SUL;2019;BR-386/RS;Triunfo;Crescente/Decrescente;405,57;-29,779697;-51,5549;412,359;-29,810083;-51,497288
VIA SUL;2019;BR-448/RS;Porto Alegre;Crescente/Decrescente;21,574;-29,965109;-51,202139;22,1;-29,975174;-51,198227
VIA SUL;2019;BR-290/RS;Porto Alegre;Crescente/Decrescente;84,173;-29,96411;-51,098152;85,857;-29,968454;-51,114043
VIA SUL;2019;BR-290/RS;Porto Alegre;Crescente/Decrescente;85,858;-29,968455;-51,114044;97,962;-29,994521;-51,217742
VIA SUL;2019;BR-386/RS;Pouso Novo;Crescente/Decrescente;290,923;-29,106198;-52,249116;310,407;-29,227947;-52,166109
VIA SUL;2019;BR-386/RS;Nova Santa Rita;Crescente/Decrescente;427,063;-29,82351;-51,348856;439,722;-29,877808;-51,242439
VIA SUL;2019;BR-290/RS;Osório;Crescente/Decrescente;0;-29,88734;-50,275601;4,765;-29,897766;-50,320313
VIA SUL;2019;BR-290/RS;Osório;Crescente/Decrescente;4,8;-29,897767;-50,320314;11,394;-29,8879;-50,384927
VIA SUL;2019;BR-101/RS;Osório;Crescente/Decrescente;68,814;-29,735426;-50,20847;87,9;-29,887296;-50,275595
VIA SUL;2019;BR-101/RS;Osório;Crescente;87,901;-29,887296;-50,275595;88,5;-29,891;-50,2808
VIA SUL;2019;BR-101/RS;Osório;Decrescente;87,901;-29,887296;-50,275595;88,42;-29,8906;-50,2801
VIA SUL;2019;BR-386/RS;Paverama;Decrescente;373,432;-29,614962;-51,799539;379,517;-29,650731;-51,760264
VIA SUL;2019;BR-386/RS;Lajeado;Decrescente;337,596;-29,401332;-52,039831;339,1;-29,411574;-52,02754
VIA SUL;2019;BR-386/RS;Lajeado;Crescente/Decrescente;339,1;-29,411574;-52,02754;342,44;-29,433967;-52,007143
VIA SUL;2019;BR-386/RS;Lajeado;Crescente/Decrescente;342,5;-29,433967;-52,007144;349,525;-29,470459;-51,953481
VIA SUL;2019;BR-101/RS;Maquiné;Crescente/Decrescente;55,344;-29,64808;-50,114438;68,813;-29,735425;-50,208469
VIA SUL;2019;BR-386/RS;Marques de Souza;Crescente/Decrescente;310,408;-29,227947;-52,166108;337,597;-29,401332;-52,039832
VIA SUL;2019;BR-386/RS;Montenegro;Crescente/Decrescente;402,124;-29,764054;-51,583949;405,56;-29,779696;-51,55489
VIA SUL;2019;BR-386/RS;Montenegro;Crescente/Decrescente;412,36;-29,810084;-51,497289;427,062;-29,823509;-51,348855
VIA SUL;2019;BR-386/RS;Mormaço;Crescente;222,081;-28,636895;-52,61475;228,27;-28,683849;-52,592751
VIA SUL;2019;BR-101/RS;Dom Pedro de Alcântara;Crescente/Decrescente;10,002;-29,372014;-49,822043;16,859;-29,419721;-49,860496
VIA SUL;2019;BR-448/RS;Esteio;Crescente/Decrescente;0,585;-29,829125;-51,176042;7,267;-29,86077;-51,225831
VIA SUL;2019;BR-386/RS;Estrela;Crescente/Decrescente;349,526;-29,470459;-51,953482;362,787;-29,559744;-51,883999
VIA SUL;2019;BR-386/RS;Fazenda Vilanova;Decrescente;362,786;-29,559744;-51,883998;363,806;-29,566109;-51,873947
VIA SUL;2019;BR-386/RS;Fazenda Vilanova;Crescente/Decrescente;363,806;-29,566109;-51,873947;367,597;-29,581583;-51,840481
VIA SUL;2019;BR-386/RS;Fazenda Vilanova;Crescente/Decrescente;367,6;-29,581583;-51,840481;373,432;-29,614962;-51,799539
VIA SUL;2019;BR-386/RS;Fontoura Xavier;Crescente/Decrescente;259,145;-28,889815;-52,415664;277,306;-29,016611;-52,324139
VIA SUL;2019;BR-386/RS;Forquetinha;Crescente;337,596;-29,401332;-52,039831;339,1;-29,411574;-52,02754
VIA SUL;2019;BR-290/RS;Glorinha;Crescente/Decrescente;42,222;-29,889382;-50,682245;52,955;-29,912319;-50,78813
VIA SUL;2019;BR-290/RS;Glorinha;Crescente/Decrescente;53;-29,91232;-50,78814;58,648;-29,922003;-50,844514
VIA SUL;2019;BR-290/RS;Gravataí;Crescente/Decrescente;58,649;-29,922004;-50,844515;81,608;-29,955332;-51,075466
WAY 262;2023;BR-262/MG;Araújos;Crescente/Decrescente;453,759;-19,810974;-45,10978;458,959;-19,792351;-45,154981
WAY 262;2023;BR-262/MG;Araxá;Crescente/Decrescente;665,622;-19,551683;-46,85203;707,89;-19,618731;-47,216821
WAY 262;2023;BR-262/MG;Betim;Crescente/Decrescente;347,8;-19,986012;-44,202319;356,21;-19,973037;-44,276075
WAY 262;2023;BR-262/MG;Campos Altos;Crescente/Decrescente;571,176;-19,649965;-46,06938;575,18;-19,66269;-46,098423
WAY 262;2023;BR-262/MG;Campos Altos;Crescente/Decrescente;576,756;-19,662384;-46,112721;596,456;-19,622314;-46,271827
WAY 262;2023;BR-262/MG;Campos Altos;Crescente/Decrescente;596,899;-19,619168;-46,274406;598,851;-19,604574;-46,283641
WAY 262;2023;BR-262/MG;Bom Despacho;Crescente/Decrescente;458,96;-19,792351;-45,154981;482,995;-19,785383;-45,376719
WAY 262;2023;BR-262/MG;Córrego Danta;Crescente/Decrescente;575,181;-19,66269;-46,098423;576,755;-19,662384;-46,112721
WAY 262;2023;BR-262/MG;Córrego Danta;Crescente/Decrescente;546,439;-19,715634;-45,929845;571,05;-19,651042;-46,069011
WAY 262;2023;BR-262/MG;Córrego Danta;Crescente/Decrescente;545,38;-19,709022;-45,922675;546,224;-19,714629;-45,928104
WAY 262;2023;BR-262/MG;Juatuba;Crescente/Decrescente;356,211;-19,973037;-44,276075;376,394;-19,935667;-44,439342
WAY 262;2023;BR-262/MG;Mateus Leme;Crescente/Decrescente;376,395;-19,935667;-44,439342;381,969;-19,91786;-44,482391
WAY 262;2023;BR-262/MG;Luz;Crescente/Decrescente;493,92;-19,772525;-45,478376;545,379;-19,709022;-45,922675
WAY 262;2023;BR-262/MG;Luz;Crescente/Decrescente;546,225;-19,714629;-45,928104;546,438;-19,715634;-45,929845
WAY 262;2023;BR-262/MG;Florestal;Crescente/Decrescente;381,97;-19,91786;-44,482391;388,378;-19,903173;-44,537859
WAY 262;2023;BR-262/MG;Ibiá;Crescente/Decrescente;596,457;-19,622314;-46,271827;596,898;-19,619168;-46,274406
WAY 262;2023;BR-262/MG;Ibiá;Crescente/Decrescente;598,852;-19,604574;-46,283641;665,621;-19,551683;-46,85203
WAY 262;2023;BR-262/MG;Igaratinga;Crescente/Decrescente;402,557;-19,899059;-44,65883;410,118;-19,885931;-44,720046
WAY 262;2023;BR-262/MG;Igaratinga;Crescente/Decrescente;414,193;-19,88262;-44,758537;420,746;-19,891149;-44,817511
WAY 262;2023;BR-262/MG;Santa Rosa da Serra;Crescente/Decrescente;571,051;-19,651042;-46,069011;571,175;-19,649965;-46,06938
WAY 262;2023;BR-262/MG;Sacramento;Crescente/Decrescente;733,547;-19,613075;-47,455352;750,51;-19,666602;-47,603641
WAY 262;2023;BR-262/MG;São Gonçalo do Pará;Crescente/Decrescente;420,747;-19,891149;-44,817511;426,845;-19,894249;-44,87543
WAY 262;2023;BR-262/MG;Pará de Minas;Crescente/Decrescente;388,379;-19,903173;-44,537859;402,556;-19,899059;-44,65883
WAY 262;2023;BR-262/MG;Pará de Minas;Crescente/Decrescente;410,119;-19,885931;-44,720046;414,192;-19,88262;-44,758537
WAY 262;2023;BR-262/MG;Perdizes;Crescente/Decrescente;707,891;-19,618731;-47,216821;733,546;-19,613075;-47,455352
WAY 262;2023;BR-262/MG;Nova Serrana;Crescente/Decrescente;426,846;-19,894249;-44,87543;453,758;-19,810974;-45,10978
WAY 262;2023;BR-262/MG;Moema;Crescente/Decrescente;482,996;-19,785383;-45,376719;493,919;-19,772525;-45,478376
WAY 262;2023;BR-262/MG;Uberaba;Crescente/Decrescente;750,511;-19,666602;-47,603641;787,9;-19,777198;-47,92198
